"baseline","path","role","output_class","disposition","sha256","bytes","lines","range"
"89be0fbbbbb583d621860531419b3dbc34bf53b3","v2/cmd/mindweaver/main.go","CLI command and public stderr boundary","operator stdout plus safe public error","HARDEN","be02955968573654f4f4a577bba3ef9c5f36c984dc1ff5e356972b060ba14fe7","7176","207","1-207"
"89be0fbbbbb583d621860531419b3dbc34bf53b3","v2/cmd/mindweaver/browser.go","bootstrap capability validator","intentional one-use credential channel","KEEP","5fd5435df643bf4eb2f1718efa40981fe1836e30cd9e7a8d6c2835748eb77ab0","988","26","1-26"
"89be0fbbbbb583d621860531419b3dbc34bf53b3","v2/cmd/mindweaver/browser_windows.go","Windows browser launcher","intentional one-use credential channel","KEEP","22430c1e42129536ad608e50848d83dbd6a38ebedfb6932907e7b551170f32fa","883","41","1-41"
"89be0fbbbbb583d621860531419b3dbc34bf53b3","v2/cmd/mindweaver/browser_other.go","non-Windows browser refusal","content-free error","KEEP","28579b154856f8eedd070e9657bd8b93d060a2757aa3688cc59d731239c87444","247","12","1-12"
"89be0fbbbbb583d621860531419b3dbc34bf53b3","v2/cmd/mindweaver/recovery.go","recovery CLI reporter","content-free NDJSON status","KEEP","f716113a4a440994c310b857033e0bdfbbb4634bf34eafb2d9742c5438ab9aec","12497","330","1-330"
"89be0fbbbbb583d621860531419b3dbc34bf53b3","v2/cmd/mindweaver-pdf/main.go","isolated helper entrypoint","private parser IPC","KEEP","4b416e8db74a20e6499598d68a6cd1958f68a683ad751bab5cd97ef2b31b2cfa","433","16","1-16"
"89be0fbbbbb583d621860531419b3dbc34bf53b3","v2/internal/localhttp/server.go","loopback transport and credential exchange","authenticated HTTP plus safe transport errors","KEEP","24bfed7c3bd6351f34e36d2dfc6a7e958cdbc01d6687a2601a65b1f286129503","19216","595","1-595"
"89be0fbbbbb583d621860531419b3dbc34bf53b3","v2/internal/localhttp/router.go","business response sanitizer","bounded success or validated Problem","KEEP","a68b91881db619da12e0c323ca93ef2dea645c3b6744eb0e40ab41fcc7731a2e","10658","347","1-347"
"89be0fbbbbb583d621860531419b3dbc34bf53b3","v2/internal/app/api.go","workbench HTTP adapter","authenticated product data plus fixed Problem","KEEP","0fa722d6b3f7dd3c65fc5c47d2394c56a64aa8748f998cec6148182decb97495","47818","1213","1-1213"
"89be0fbbbbb583d621860531419b3dbc34bf53b3","v2/internal/app/api_rag.go","RAG HTTP adapter","authenticated product data plus fixed Problem","KEEP","3d636d7abaa70db2eb9645b4e6e2446a5df4eb0d6b758fd4aa6671253adc2416","22336","564","1-564"
"89be0fbbbbb583d621860531419b3dbc34bf53b3","v2/internal/app/backup_runtime.go","live backup operation projection","content-free status and failure code","KEEP","07b565c676cb7c85081e351098ce902f1630ce0718ce5d25daf66f639a8d1ad8","20269","608","1-608"
"89be0fbbbbb583d621860531419b3dbc34bf53b3","v2/internal/transport/problem.go","Problem constructor and validator","stable public error schema","KEEP","899f4a773e17b14df86c3f2e4c2a6d335a87893b8f960bde096d7fad7387eee0","3842","98","1-98"
"89be0fbbbbb583d621860531419b3dbc34bf53b3","v2/platform/apperror/error.go","CLI error classifier","safe public message","KEEP","46c6a267629a49af576ce7eb98747706e2275f796c2f18d3e1d00957b9b6144f","3194","139","1-139"
"89be0fbbbbb583d621860531419b3dbc34bf53b3","v2/internal/ollama/client.go","literal-loopback provider boundary","bounded prompt egress and sanitized provider errors","KEEP","9d40011a00f5ec42407d5e643081500d58d04fadc2624304fcc43eb8a6b06f65","15147","498","1-498"
"89be0fbbbbb583d621860531419b3dbc34bf53b3","v2/internal/pdfextract/client/client.go","parser process client","private result input and discarded bounded stderr","KEEP","c30638b8ef9093b26591ebe704788c4de26fb97bfaa56bf017b0876ce5b1e064","4196","148","1-148"
"89be0fbbbbb583d621860531419b3dbc34bf53b3","v2/internal/pdfextract/client/probe.go","parser capability probe","fixed private frame and discarded bounded stderr","KEEP","125063d78297eaea31561625de421d523bbc4e97d6b1d42a6a99991e8ed8f232","1365","44","1-44"
"89be0fbbbbb583d621860531419b3dbc34bf53b3","v2/internal/pdfextract/protocol/protocol.go","parser wire contract","private extracted-text IPC","KEEP","c525673b6a8f1cc1be858b827c47c54cd3bde34fa3d1343990224b5d5afaf118","4934","156","1-156"
"89be0fbbbbb583d621860531419b3dbc34bf53b3","v2/internal/pdfextract/parser/parser.go","parser helper dispatcher","private extracted-text IPC or exit code","KEEP","3b15018fc89dd476289fbffc6dc4afc0ee10a5a66894478eb8177ef80869204d","1070","39","1-39"
"89be0fbbbbb583d621860531419b3dbc34bf53b3","v2/internal/rag/service.go","RAG terminal state producer","controlled refusal and failure code","KEEP","7e7f34819d783299d70a257fab8eec55f2242ea2407a8a0efcab8511402659b8","19206","530","1-530"
"89be0fbbbbb583d621860531419b3dbc34bf53b3","v2/internal/workbench/service.go","ingestion terminal state producer","controlled failure code","KEEP","98de72390778ff2be2ac48ba9bc0221282a3a6fbc58986f3fd5565474b8ca4b2","19733","539","1-539"
"89be0fbbbbb583d621860531419b3dbc34bf53b3","v2/internal/lifecycle/service.go","purge terminal state producer","controlled failure code","KEEP","b28e7d2c31dbbd38a3bf87689b495d1d8b3dff1d48a9aabb54c00e721fc5d7a5","10221","268","1-268"
"89be0fbbbbb583d621860531419b3dbc34bf53b3","v2/internal/store/sqlite/jobs.go","job failure persistence","safe-code validation","KEEP","02db70c40537162d8f2c7b4e76868b363e58d516d8a18e0ea350355537960a06","15495","503","1-503"
"89be0fbbbbb583d621860531419b3dbc34bf53b3","v2/internal/store/sqlite/lifecycle.go","purge failure persistence","safe-code persistence","KEEP","0b8e0bc44c7a67fa68b53dbd0b99cde349cbedc9aa567c3f99b407f8ad887d8b","22851","626","1-626"
"89be0fbbbbb583d621860531419b3dbc34bf53b3","v2/internal/store/sqlite/rag_answers.go","answer failure persistence","safe-code and controlled-text validation","KEEP","a7eff00277fc23e543fcb33671655621ad5bf0ab490d29318542d4f1d9b8f144","53523","1458","1-1458"
"89be0fbbbbb583d621860531419b3dbc34bf53b3","v2/internal/backup/verify.go","backup public failure adapter","path-free failure class and aggregate outcome","KEEP","de0522288b2722c057c705ea5e1af603a480a0c7bb1643051bff0ef28fe2e473","35827","1028","1-1028"
"89be0fbbbbb583d621860531419b3dbc34bf53b3","v2/platform/config/config.go","versioned local configuration","intentional private path-bearing config artifact","KEEP","e3f433113636c5a6255bbb098e00e056c841eddd2d8c854a84e9e202b20063b8","9620","301","1-301"
