"baseline","scope_class","review_source","partition","kind","path","sha256","bytes","lines","reviewed_range","review_status","implementation_disposition","semantic_disposition"
"0df22ddaf02c64bf73a7df12cd5fea6b52632c73","PRIMARY","REVIEW_01","common","main-java","src/main/java/com/tuoman/ai_task_orchestrator/common/error/ApiErrorResponse.java","4c1e8bbc8680a8a3cd3db252e253097eff303d434fd4b5059a9af107ea4dadf5","376","21","1-21","COMPLETE","DROP","KEEP_ONLY_GO_PROVEN_SAFE_ERROR_INVARIANTS"
"0df22ddaf02c64bf73a7df12cd5fea6b52632c73","PRIMARY","REVIEW_01","common","main-java","src/main/java/com/tuoman/ai_task_orchestrator/common/error/BusinessException.java","c26668fc518efcf496332127e5c057b39de1e0b16b80b1e6816a87ee7673d705","13666","326","1-326","COMPLETE","DROP","KEEP_ONLY_GO_PROVEN_SAFE_ERROR_INVARIANTS"
"0df22ddaf02c64bf73a7df12cd5fea6b52632c73","PRIMARY","REVIEW_01","common","main-java","src/main/java/com/tuoman/ai_task_orchestrator/common/error/ErrorCode.java","8103e8c22cf306cbddb591d4a2e230b7254eafbe6da05fa69e6b878013779beb","2080","71","1-71","COMPLETE","DROP","KEEP_ONLY_GO_PROVEN_SAFE_ERROR_INVARIANTS"
"0df22ddaf02c64bf73a7df12cd5fea6b52632c73","PRIMARY","REVIEW_01","common","main-java","src/main/java/com/tuoman/ai_task_orchestrator/common/error/GlobalExceptionHandler.java","c2dc23014cfacb1a69d4c800058b3518e159487633451286f6b1a977bb71c995","8425","198","1-198","COMPLETE","DROP","KEEP_ONLY_GO_PROVEN_SAFE_ERROR_INVARIANTS"
"0df22ddaf02c64bf73a7df12cd5fea6b52632c73","PRIMARY","REVIEW_01","config","main-java","src/main/java/com/tuoman/ai_task_orchestrator/config/AgentTaskConfiguration.java","e8c046be6e02e0185e2d2357b159b0b8b82b5f973429e27006f5e97821311dc7","372","10","1-10","COMPLETE","DROP","DROP_ALL"
"0df22ddaf02c64bf73a7df12cd5fea6b52632c73","PRIMARY","REVIEW_01","config","main-java","src/main/java/com/tuoman/ai_task_orchestrator/config/BatchIngestionProperties.java","fc50b19bdde036938d9b3dfdebcf33650b935962f8f223e69277f58fdf51c5db","606","25","1-25","COMPLETE","DROP","DROP_ALL"
"0df22ddaf02c64bf73a7df12cd5fea6b52632c73","PRIMARY","REVIEW_01","config","main-java","src/main/java/com/tuoman/ai_task_orchestrator/config/ChunkingProperties.java","fc914e97fdb2afc46f5e5ec4f6cc1f2499c1b8007e3eda4ebfde7e8502521dd4","1017","34","1-34","COMPLETE","DROP","DROP_ALL"
"0df22ddaf02c64bf73a7df12cd5fea6b52632c73","PRIMARY","REVIEW_01","config","main-java","src/main/java/com/tuoman/ai_task_orchestrator/config/ClockConfiguration.java","999aac69234afa2c35bb14fcb668910a69f1ff59e5c9cd99fc862a1ba7a23581","325","15","1-15","COMPLETE","DROP","KEEP_ONLY_INJECTABLE_CLOCK_REQUIREMENT"
"0df22ddaf02c64bf73a7df12cd5fea6b52632c73","PRIMARY","REVIEW_01","config","main-java","src/main/java/com/tuoman/ai_task_orchestrator/config/MemoryProperties.java","64b3d44b6201237377ab96c94c57f52a6619f0d641e7052bd52699bc3fff583f","537","23","1-23","COMPLETE","DROP","DROP_ALL"
"0df22ddaf02c64bf73a7df12cd5fea6b52632c73","PRIMARY","REVIEW_01","config","main-java","src/main/java/com/tuoman/ai_task_orchestrator/config/ModelProviderConfiguration.java","38a39a387cb5c76b23b39bd9e1d93433b66cb1cc13d91ec912395c8879399b9e","1566","36","1-36","COMPLETE","DROP","DROP_ALL"
"0df22ddaf02c64bf73a7df12cd5fea6b52632c73","PRIMARY","REVIEW_01","config","main-java","src/main/java/com/tuoman/ai_task_orchestrator/config/ModelProviderProperties.java","8379fb1713c320539eb47a38d7ada22f53f408e8f72e07726390b0015dc2eb92","450","16","1-16","COMPLETE","DROP","DROP_ALL"
"0df22ddaf02c64bf73a7df12cd5fea6b52632c73","PRIMARY","REVIEW_01","config","main-java","src/main/java/com/tuoman/ai_task_orchestrator/config/RabbitMQConfig.java","1722864a07bb774cfd2f69293e032a4ef2a5828303100bed198a2e6e47c83e98","3644","108","1-108","COMPLETE","DROP","DROP_ALL"
"0df22ddaf02c64bf73a7df12cd5fea6b52632c73","PRIMARY","REVIEW_01","config","main-java","src/main/java/com/tuoman/ai_task_orchestrator/config/RetrievalPipelineProperties.java","86b8ab70e65c138ab7127ce4cd884d4839ef37349f9c7a563e9d862b6d748e18","1003","37","1-37","COMPLETE","DROP","DROP_ALL"
"0df22ddaf02c64bf73a7df12cd5fea6b52632c73","PRIMARY","REVIEW_01","config","main-java","src/main/java/com/tuoman/ai_task_orchestrator/config/SecurityProperties.java","31be7c4524796ce8155d31a3b4f3a9956e50e1adf61ad1c4875105d60bc1dbd1","441","16","1-16","COMPLETE","DROP","DROP_ALL"
"0df22ddaf02c64bf73a7df12cd5fea6b52632c73","PRIMARY","REVIEW_01","config","main-java","src/main/java/com/tuoman/ai_task_orchestrator/config/TrashProperties.java","1869ef235dbb0364dad1a249d9f2f463d3df0b4fb133796afa439e6c1cbdc729","455","19","1-19","COMPLETE","DROP","DROP_ALL"
"0df22ddaf02c64bf73a7df12cd5fea6b52632c73","PRIMARY","REVIEW_02","entity","main-java","src/main/java/com/tuoman/ai_task_orchestrator/entity/AgentProfileEntity.java","a9505f33b6d5f3998675b3001c1d6031b89722766734264761eaaccc4634382d","2150","78","1-78","COMPLETE","DROP","DROP_ALL"
"0df22ddaf02c64bf73a7df12cd5fea6b52632c73","PRIMARY","REVIEW_02","entity","main-java","src/main/java/com/tuoman/ai_task_orchestrator/entity/AgentTaskCitationEntity.java","32b7156becea6d72bae47c48fb37ff7507c5c34726acfeb7a1a9186a64783b63","1168","51","1-51","COMPLETE","DROP","DROP_ALL"
"0df22ddaf02c64bf73a7df12cd5fea6b52632c73","PRIMARY","REVIEW_02","entity","main-java","src/main/java/com/tuoman/ai_task_orchestrator/entity/AgentTaskEntity.java","55a51e34ca005fb858ee0ff25636744ea7bf5bbff8eadf3e468031bcf649871c","2881","117","1-117","COMPLETE","DROP","DROP_ALL"
"0df22ddaf02c64bf73a7df12cd5fea6b52632c73","PRIMARY","REVIEW_02","entity","main-java","src/main/java/com/tuoman/ai_task_orchestrator/entity/AgentTaskEventEntity.java","b1095f607e41848674686abec4dec9581770a80c2fffb539965e92d4776875fa","1747","67","1-67","COMPLETE","DROP","DROP_ALL"
"0df22ddaf02c64bf73a7df12cd5fea6b52632c73","PRIMARY","REVIEW_02","entity","main-java","src/main/java/com/tuoman/ai_task_orchestrator/entity/AgentTaskStepEntity.java","e2df7172bd62c2604ec0f14a38593977be8f9918742b26a7f6b602e5a3cf28bc","2361","92","1-92","COMPLETE","DROP","DROP_ALL"
"0df22ddaf02c64bf73a7df12cd5fea6b52632c73","PRIMARY","REVIEW_02","entity","main-java","src/main/java/com/tuoman/ai_task_orchestrator/entity/DocumentChunkEmbeddingEntity.java","02eca4990ddb3e98d0f98cf79206a4dea9e90cf1372bc1b7e7c790946d403c32","2202","83","1-83","COMPLETE","DROP","KEEP_ONLY_GO_PROVEN_DOCUMENT_INVARIANTS"
"0df22ddaf02c64bf73a7df12cd5fea6b52632c73","PRIMARY","REVIEW_02","entity","main-java","src/main/java/com/tuoman/ai_task_orchestrator/entity/DocumentChunkEntity.java","0018873c223fdd8ffea851991ea0d0234587fac359afcdb795d1621ddb17a9fc","3761","143","1-143","COMPLETE","DROP","KEEP_ONLY_GO_PROVEN_DOCUMENT_INVARIANTS"
"0df22ddaf02c64bf73a7df12cd5fea6b52632c73","PRIMARY","REVIEW_02","entity","main-java","src/main/java/com/tuoman/ai_task_orchestrator/entity/DocumentCollectionEntity.java","a53265aabf46242b5a57eb82a4d31a92da7e6aada2cfa6bcd56abd809c98ccae","736","34","1-34","COMPLETE","DROP","KEEP_ONLY_GO_PROVEN_DOCUMENT_INVARIANTS"
"0df22ddaf02c64bf73a7df12cd5fea6b52632c73","PRIMARY","REVIEW_02","entity","main-java","src/main/java/com/tuoman/ai_task_orchestrator/entity/DocumentEntity.java","c534d0e447a17c8f39ef30f65c1c743e3a2db9e12e97dc29d57e831357bac0be","3398","122","1-122","COMPLETE","DROP","KEEP_ONLY_GO_PROVEN_DOCUMENT_INVARIANTS"
"0df22ddaf02c64bf73a7df12cd5fea6b52632c73","PRIMARY","REVIEW_02","entity","main-java","src/main/java/com/tuoman/ai_task_orchestrator/entity/DocumentIngestionEventEntity.java","aee1d125c1587faebb3ff9ff103cd1e8ca3079d18b015fb0aa211087dabd4a98","1790","67","1-67","COMPLETE","DROP","KEEP_ONLY_GO_PROVEN_DOCUMENT_INVARIANTS"
"0df22ddaf02c64bf73a7df12cd5fea6b52632c73","PRIMARY","REVIEW_02","entity","main-java","src/main/java/com/tuoman/ai_task_orchestrator/entity/DocumentIngestionTaskEntity.java","e0c293457089dadb4f3ad75af9e38c53ca697de961be73b6621b49be4b0457d7","2914","105","1-105","COMPLETE","DROP","KEEP_ONLY_GO_PROVEN_DOCUMENT_INVARIANTS"
"0df22ddaf02c64bf73a7df12cd5fea6b52632c73","PRIMARY","REVIEW_02","entity","main-java","src/main/java/com/tuoman/ai_task_orchestrator/entity/EmbeddingCacheEntity.java","10e0f7c3a78a8fd58655d383a04d34d680bf36542e43873e93b7c12241489208","1396","57","1-57","COMPLETE","DROP","DROP_ALL"
"0df22ddaf02c64bf73a7df12cd5fea6b52632c73","PRIMARY","REVIEW_02","entity","main-java","src/main/java/com/tuoman/ai_task_orchestrator/entity/EmbeddingCacheMetricEntity.java","f51c12f550b0ec772f587667d285ee5d84c83f3cf7fe6627eefc42e7ed3b93d5","1751","69","1-69","COMPLETE","DROP","DROP_ALL"
"0df22ddaf02c64bf73a7df12cd5fea6b52632c73","PRIMARY","REVIEW_02","entity","main-java","src/main/java/com/tuoman/ai_task_orchestrator/entity/KnowledgeCollectionEntity.java","517f1b26dc1262e74c8d8aaead2b75a5196c934da2c0031a81fe49ff826810d0","1254","54","1-54","COMPLETE","DROP","DROP_ALL"
"0df22ddaf02c64bf73a7df12cd5fea6b52632c73","PRIMARY","REVIEW_02","entity","main-java","src/main/java/com/tuoman/ai_task_orchestrator/entity/MemoryItemEntity.java","badd9f6e843e29b6dedd10b83634cd3e3c0a27d343babc852d3bd891b463e865","3771","136","1-136","COMPLETE","DROP","DROP_ALL"
"0df22ddaf02c64bf73a7df12cd5fea6b52632c73","PRIMARY","REVIEW_02","entity","main-java","src/main/java/com/tuoman/ai_task_orchestrator/entity/ModelProviderConfigEntity.java","e5244bb4ff15aea078d5c4d8c07ee2890670a47fa2e2a40938632b1697eaea19","2735","94","1-94","COMPLETE","DROP","DROP_ALL"
"0df22ddaf02c64bf73a7df12cd5fea6b52632c73","PRIMARY","REVIEW_02","entity","main-java","src/main/java/com/tuoman/ai_task_orchestrator/entity/NotificationEntity.java","de89058de8df51f0c076d6fd36563d436cfa79e308241e0630b73ccf3f0aad15","1705","66","1-66","COMPLETE","DROP","DROP_ALL"
"0df22ddaf02c64bf73a7df12cd5fea6b52632c73","PRIMARY","REVIEW_02","entity","main-java","src/main/java/com/tuoman/ai_task_orchestrator/entity/PromptTemplateEntity.java","9a8364239cc60e9d7ba98f9e9147d6eec02140eb629b007268d0fe837b0babd0","1445","55","1-55","COMPLETE","DROP","DROP_ALL"
"0df22ddaf02c64bf73a7df12cd5fea6b52632c73","PRIMARY","REVIEW_02","entity","main-java","src/main/java/com/tuoman/ai_task_orchestrator/entity/RagEvaluationCaseEntity.java","126d58c3378411bb5c3a6e0bbaa32698e72f0e5842a801d0a8ef86e23c613199","2453","89","1-89","COMPLETE","DROP","DROP_ALL"
"0df22ddaf02c64bf73a7df12cd5fea6b52632c73","PRIMARY","REVIEW_02","entity","main-java","src/main/java/com/tuoman/ai_task_orchestrator/entity/RagEvaluationCaseResultEntity.java","b9e9e8803198d16ec62296ea8264b837f1c5b47de1b83ca26027aeb35cad0c04","2740","91","1-91","COMPLETE","DROP","DROP_ALL"
"0df22ddaf02c64bf73a7df12cd5fea6b52632c73","PRIMARY","REVIEW_02","entity","main-java","src/main/java/com/tuoman/ai_task_orchestrator/entity/RagEvaluationDatasetEntity.java","916edb59adf8a3c0a5058159e956dd670c35f9ed6fcef9b6c3f8d8b0794ff61f","1824","67","1-67","COMPLETE","DROP","DROP_ALL"
"0df22ddaf02c64bf73a7df12cd5fea6b52632c73","PRIMARY","REVIEW_02","entity","main-java","src/main/java/com/tuoman/ai_task_orchestrator/entity/RagEvaluationRunEntity.java","c8f60897e75d7a4ac02fa8e5b8dfbb6c5d63419b7a1f9fe5e4b0a8e43a5f52f0","3352","121","1-121","COMPLETE","DROP","DROP_ALL"
"0df22ddaf02c64bf73a7df12cd5fea6b52632c73","PRIMARY","REVIEW_02","entity","main-java","src/main/java/com/tuoman/ai_task_orchestrator/entity/RetrievalReindexEventEntity.java","be3e3ca15d0ce259527537e8fc4e580a1d72d358edd1fbf0bb32efa730743432","1057","47","1-47","COMPLETE","DROP","DROP_ALL"
"0df22ddaf02c64bf73a7df12cd5fea6b52632c73","PRIMARY","REVIEW_02","entity","main-java","src/main/java/com/tuoman/ai_task_orchestrator/entity/TaskAttemptEntity.java","e33bc201da3f584f33aac31f3415370b252e0bc2a8c23abc76c90c225f958d34","2641","96","1-96","COMPLETE","DROP","KEEP_ONLY_GO_PROVEN_JOB_INVARIANTS"
"0df22ddaf02c64bf73a7df12cd5fea6b52632c73","PRIMARY","REVIEW_02","entity","main-java","src/main/java/com/tuoman/ai_task_orchestrator/entity/TaskEntity.java","8bd17efce11acf739ee79a11596748d6dbd2cef33bb47be4533a900c3e97411c","2359","92","1-92","COMPLETE","DROP","KEEP_ONLY_GO_PROVEN_JOB_INVARIANTS"
"0df22ddaf02c64bf73a7df12cd5fea6b52632c73","PRIMARY","REVIEW_02","entity","main-java","src/main/java/com/tuoman/ai_task_orchestrator/entity/TaskEventEntity.java","a14b81238efd1a940cc5ae974dafd3daeb839a09d70fb2462101af53ac6d4841","1138","46","1-46","COMPLETE","DROP","DROP_ALL"
"0df22ddaf02c64bf73a7df12cd5fea6b52632c73","PRIMARY","REVIEW_02","entity","main-java","src/main/java/com/tuoman/ai_task_orchestrator/entity/TaskOutboxEntity.java","3ae170387d9d787b777b1e4e7d2aeec9ee8c96828cece71f32280d0ccbe4db45","2066","77","1-77","COMPLETE","DROP","KEEP_ONLY_GO_PROVEN_JOB_INVARIANTS"
"0df22ddaf02c64bf73a7df12cd5fea6b52632c73","PRIMARY","REVIEW_02","entity","main-java","src/main/java/com/tuoman/ai_task_orchestrator/entity/TaskOutputChunkEntity.java","d0279e09ffc380893f8f9ca40f19161918a2e6f2c3856a353b390992e6f31b68","1005","41","1-41","COMPLETE","DROP","DROP_ALL"
"0df22ddaf02c64bf73a7df12cd5fea6b52632c73","PRIMARY","REVIEW_02","entity","main-java","src/main/java/com/tuoman/ai_task_orchestrator/entity/UploadBatchEntity.java","5f8b662ccd85434cfe6bcdd420953c56c0375b2ece34ff1dcb2f32493f4aa24a","3285","125","1-125","COMPLETE","DROP","DROP_ALL"
"0df22ddaf02c64bf73a7df12cd5fea6b52632c73","PRIMARY","REVIEW_02","entity","main-java","src/main/java/com/tuoman/ai_task_orchestrator/entity/UploadBatchItemEntity.java","4a9a0beee73bd0de4e91797ae8d02498c935ccce1d50cf2c18783bb11f7b626d","2441","95","1-95","COMPLETE","DROP","DROP_ALL"
"0df22ddaf02c64bf73a7df12cd5fea6b52632c73","PRIMARY","REVIEW_02","entity","main-java","src/main/java/com/tuoman/ai_task_orchestrator/entity/VectorAuditIssueEntity.java","ecfe0d0a803e0c75eea2c785081f7918089203a21d73583cce2be9f64f3b0cb3","1636","62","1-62","COMPLETE","DROP","DROP_ALL"
"0df22ddaf02c64bf73a7df12cd5fea6b52632c73","PRIMARY","REVIEW_02","entity","main-java","src/main/java/com/tuoman/ai_task_orchestrator/entity/VectorAuditRunEntity.java","d40a2839db07627cfd552da1c31f197e545c09b835f8630eea81ef33d8f7ed8c","1477","57","1-57","COMPLETE","DROP","DROP_ALL"
"0df22ddaf02c64bf73a7df12cd5fea6b52632c73","PRIMARY","REVIEW_02","entity","main-java","src/main/java/com/tuoman/ai_task_orchestrator/entity/VectorIndexGenerationEntity.java","194e554ebba4241e15830ecb32754e38dbd9aeada430ab0efc1633daabdc4497","1587","63","1-63","COMPLETE","DROP","DROP_ALL"
"0df22ddaf02c64bf73a7df12cd5fea6b52632c73","PRIMARY","REVIEW_03","mq","main-java","src/main/java/com/tuoman/ai_task_orchestrator/mq/AgentTaskConsumer.java","96d37fef721fb4f4135431ca948423f60b122f2d6d78feff262ef3f8cdf80bb5","762","22","1-22","COMPLETE","DROP","DROP_ALL"
"0df22ddaf02c64bf73a7df12cd5fea6b52632c73","PRIMARY","REVIEW_03","mq","main-java","src/main/java/com/tuoman/ai_task_orchestrator/mq/AgentTaskMessage.java","178ba98beb291af6185056fef301950189b52cfdbfc002b686fb61edb6143203","272","15","1-15","COMPLETE","DROP","DROP_ALL"
"0df22ddaf02c64bf73a7df12cd5fea6b52632c73","PRIMARY","REVIEW_03","mq","main-java","src/main/java/com/tuoman/ai_task_orchestrator/mq/AgentTaskMessagePublisher.java","9c310c602f9cbc6567581f0a9aac66c710d671eec7c3b9cf8c73d54a684bb247","137","6","1-6","COMPLETE","DROP","DROP_ALL"
"0df22ddaf02c64bf73a7df12cd5fea6b52632c73","PRIMARY","REVIEW_03","mq","main-java","src/main/java/com/tuoman/ai_task_orchestrator/mq/DocumentIngestionConsumer.java","d4fda56aa321ad633170f41f3fe5360f378dcf9357c19c0ec99f4a6f1307cd55","944","26","1-26","COMPLETE","DROP","DROP_ALL"
"0df22ddaf02c64bf73a7df12cd5fea6b52632c73","PRIMARY","REVIEW_03","mq","main-java","src/main/java/com/tuoman/ai_task_orchestrator/mq/DocumentIngestionMessage.java","b33f9d2b7c6d879e3c55f7455893bc3575e17e9f7961ddf1755437b04e440776","280","15","1-15","COMPLETE","DROP","DROP_ALL"
"0df22ddaf02c64bf73a7df12cd5fea6b52632c73","PRIMARY","REVIEW_03","mq","main-java","src/main/java/com/tuoman/ai_task_orchestrator/mq/DocumentIngestionMessagePublisher.java","b08c73cd8c2d85918dd847dd8e9eaf8694a1b43aba8e2586bace9ab550830a20","153","6","1-6","COMPLETE","DROP","DROP_ALL"
"0df22ddaf02c64bf73a7df12cd5fea6b52632c73","PRIMARY","REVIEW_03","mq","main-java","src/main/java/com/tuoman/ai_task_orchestrator/mq/RabbitAgentTaskMessagePublisher.java","70b260ef3e0c1b5dd2d83aad643b29f8696c97112d751fc19463407a5692dc14","676","22","1-22","COMPLETE","DROP","DROP_ALL"
"0df22ddaf02c64bf73a7df12cd5fea6b52632c73","PRIMARY","REVIEW_03","mq","main-java","src/main/java/com/tuoman/ai_task_orchestrator/mq/RabbitDocumentIngestionMessagePublisher.java","8b23e34492dfc0f09b882fb583aa37f7834df035dae5159145b6bb32b1367641","708","22","1-22","COMPLETE","DROP","DROP_ALL"
"0df22ddaf02c64bf73a7df12cd5fea6b52632c73","PRIMARY","REVIEW_03","mq","main-java","src/main/java/com/tuoman/ai_task_orchestrator/mq/TaskDispatchConsumer.java","a6d7ce41ae67ef396e774204e63b8b1385591a2ad8bac33185a9fc3bd8860752","1009","29","1-29","COMPLETE","DROP","DROP_ALL"
"0df22ddaf02c64bf73a7df12cd5fea6b52632c73","PRIMARY","REVIEW_03","mq","main-java","src/main/java/com/tuoman/ai_task_orchestrator/mq/TaskDispatchMessage.java","3abec0454779a71c58d7b1aec7bd054cc78c03360c9b1c505a0aa1f3667d4e8d","274","15","1-15","COMPLETE","DROP","DROP_ALL"
"0df22ddaf02c64bf73a7df12cd5fea6b52632c73","PRIMARY","REVIEW_03","mq","main-java","src/main/java/com/tuoman/ai_task_orchestrator/mq/TaskDispatchProducer.java","4099ac7b66af9b7f7050619f85daa14cff5e7ff8c77a317ba5a4a7b3b5671ff1","911","29","1-29","COMPLETE","DROP","DROP_ALL"
"0df22ddaf02c64bf73a7df12cd5fea6b52632c73","PRIMARY","REVIEW_02","repository","main-java","src/main/java/com/tuoman/ai_task_orchestrator/repository/AgentProfileRepository.java","a32f4e669630a5325657a315b296545d76a439808adb64daafca49992192776c","502","16","1-16","COMPLETE","DROP","DROP_ALL"
"0df22ddaf02c64bf73a7df12cd5fea6b52632c73","PRIMARY","REVIEW_02","repository","main-java","src/main/java/com/tuoman/ai_task_orchestrator/repository/AgentTaskCitationRepository.java","95b5f3f09bc280d094c46c9e656f39cd121baffd940b52c429266561d9f1cfff","435","13","1-13","COMPLETE","DROP","DROP_ALL"
"0df22ddaf02c64bf73a7df12cd5fea6b52632c73","PRIMARY","REVIEW_02","repository","main-java","src/main/java/com/tuoman/ai_task_orchestrator/repository/AgentTaskEventRepository.java","0b7ad667d85e186ab3d82fa0291fc78c90b8fb772e11c409af3006f0f5a40173","382","11","1-11","COMPLETE","DROP","DROP_ALL"
"0df22ddaf02c64bf73a7df12cd5fea6b52632c73","PRIMARY","REVIEW_02","repository","main-java","src/main/java/com/tuoman/ai_task_orchestrator/repository/AgentTaskRepository.java","3d8652d15994b9e4c47f05afd753748067d52d80817fdbf4b7497d6b2b3aa229","351","11","1-11","COMPLETE","DROP","DROP_ALL"
"0df22ddaf02c64bf73a7df12cd5fea6b52632c73","PRIMARY","REVIEW_02","repository","main-java","src/main/java/com/tuoman/ai_task_orchestrator/repository/AgentTaskStepRepository.java","80c1e61c53f8eca7bd96e0b5f2b75a0c31e71a03ca5dbf862eb1442acf1b2297","540","16","1-16","COMPLETE","DROP","DROP_ALL"
"0df22ddaf02c64bf73a7df12cd5fea6b52632c73","PRIMARY","REVIEW_02","repository","main-java","src/main/java/com/tuoman/ai_task_orchestrator/repository/DocumentChunkEmbeddingRepository.java","87c5ffbce7300dc3c24489e333c035fc8347af4c41d6b335cf0aec3c22b0b29b","1882","53","1-53","COMPLETE","DROP","KEEP_ONLY_GO_PROVEN_DOCUMENT_INVARIANTS"
"0df22ddaf02c64bf73a7df12cd5fea6b52632c73","PRIMARY","REVIEW_02","repository","main-java","src/main/java/com/tuoman/ai_task_orchestrator/repository/DocumentChunkRepository.java","196a40ac69b30eb9854d3b08f8baf86955c8d59e5541a3844223695b51655cba","2093","48","1-48","COMPLETE","DROP","KEEP_ONLY_GO_PROVEN_DOCUMENT_INVARIANTS"
"0df22ddaf02c64bf73a7df12cd5fea6b52632c73","PRIMARY","REVIEW_02","repository","main-java","src/main/java/com/tuoman/ai_task_orchestrator/repository/DocumentCollectionRepository.java","b9061061e1957bf4b65f9bc07dc343ba16bfdee158df6522a5f7af64f99812c4","2780","63","1-63","COMPLETE","DROP","KEEP_ONLY_GO_PROVEN_DOCUMENT_INVARIANTS"
"0df22ddaf02c64bf73a7df12cd5fea6b52632c73","PRIMARY","REVIEW_02","repository","main-java","src/main/java/com/tuoman/ai_task_orchestrator/repository/DocumentIngestionEventRepository.java","c0c7956c1bb68a5e51b05aca2a3744ade3b98eb1544c1ccd7a1df644984416f5","952","26","1-26","COMPLETE","DROP","KEEP_ONLY_GO_PROVEN_DOCUMENT_INVARIANTS"
"0df22ddaf02c64bf73a7df12cd5fea6b52632c73","PRIMARY","REVIEW_02","repository","main-java","src/main/java/com/tuoman/ai_task_orchestrator/repository/DocumentIngestionTaskRepository.java","85b818a221774f81fdc4aec632a5ee6dc45f7f25806ee46400b29664bcecf3f2","871","23","1-23","COMPLETE","DROP","KEEP_ONLY_GO_PROVEN_DOCUMENT_INVARIANTS"
"0df22ddaf02c64bf73a7df12cd5fea6b52632c73","PRIMARY","REVIEW_02","repository","main-java","src/main/java/com/tuoman/ai_task_orchestrator/repository/DocumentRepository.java","c14aea1c666a65bc492b28a44e15e2e0e5f38d33976c9c9f834c5826fd2c422b","2077","45","1-45","COMPLETE","DROP","KEEP_ONLY_GO_PROVEN_DOCUMENT_INVARIANTS"
"0df22ddaf02c64bf73a7df12cd5fea6b52632c73","PRIMARY","REVIEW_02","repository","main-java","src/main/java/com/tuoman/ai_task_orchestrator/repository/EmbeddingCacheMetricRepository.java","64891a7f316df40a46b70363e74097d5b67d596b07c03cc9a5e541a22969d2f7","3292","88","1-88","COMPLETE","DROP","DROP_ALL"
"0df22ddaf02c64bf73a7df12cd5fea6b52632c73","PRIMARY","REVIEW_02","repository","main-java","src/main/java/com/tuoman/ai_task_orchestrator/repository/EmbeddingCacheRepository.java","12711ab502cc233cf2d2616869546a1e0ff1088441ecf8c0142c0ec6802b9431","514","16","1-16","COMPLETE","DROP","DROP_ALL"
"0df22ddaf02c64bf73a7df12cd5fea6b52632c73","PRIMARY","REVIEW_02","repository","main-java","src/main/java/com/tuoman/ai_task_orchestrator/repository/KnowledgeCollectionRepository.java","2cf0fdf99ff94326ffd63f0cc778e6924400cf872ff980b65d73832008ce56bf","522","16","1-16","COMPLETE","DROP","DROP_ALL"
"0df22ddaf02c64bf73a7df12cd5fea6b52632c73","PRIMARY","REVIEW_02","repository","main-java","src/main/java/com/tuoman/ai_task_orchestrator/repository/MemoryItemRepository.java","05b21381745143747bb98e50b3177b64fe1823f73966d5fd7f0759ff5d9052b7","961","28","1-28","COMPLETE","DROP","DROP_ALL"
"0df22ddaf02c64bf73a7df12cd5fea6b52632c73","PRIMARY","REVIEW_02","repository","main-java","src/main/java/com/tuoman/ai_task_orchestrator/repository/ModelProviderConfigRepository.java","6481435c3bc293566284559ff163f0f53ee71a3b49b0aca716a2cb1b52e7d203","1150","28","1-28","COMPLETE","DROP","DROP_ALL"
"0df22ddaf02c64bf73a7df12cd5fea6b52632c73","PRIMARY","REVIEW_02","repository","main-java","src/main/java/com/tuoman/ai_task_orchestrator/repository/NotificationRepository.java","c8753c433d88b04fa24b78c61f3920372efe9ab6579ebf5eb041918921245e7b","732","19","1-19","COMPLETE","DROP","DROP_ALL"
"0df22ddaf02c64bf73a7df12cd5fea6b52632c73","PRIMARY","REVIEW_02","repository","main-java","src/main/java/com/tuoman/ai_task_orchestrator/repository/PromptTemplateRepository.java","c5ab878078aa2ad2847bd2b853a4a884b0053046785f69f39d411e8877d15282","399","11","1-11","COMPLETE","DROP","DROP_ALL"
"0df22ddaf02c64bf73a7df12cd5fea6b52632c73","PRIMARY","REVIEW_02","repository","main-java","src/main/java/com/tuoman/ai_task_orchestrator/repository/RagEvaluationCaseRepository.java","20d671bbb1926ab803166807a12a543308ef9c1ad6736eefccd9627065e14f52","668","18","1-18","COMPLETE","DROP","DROP_ALL"
"0df22ddaf02c64bf73a7df12cd5fea6b52632c73","PRIMARY","REVIEW_02","repository","main-java","src/main/java/com/tuoman/ai_task_orchestrator/repository/RagEvaluationCaseResultRepository.java","3aadec7a162868e12915a7768d450a62f1f82181377a31cee20efa0cbb89b41d","409","11","1-11","COMPLETE","DROP","DROP_ALL"
"0df22ddaf02c64bf73a7df12cd5fea6b52632c73","PRIMARY","REVIEW_02","repository","main-java","src/main/java/com/tuoman/ai_task_orchestrator/repository/RagEvaluationDatasetRepository.java","e0dcc4d53c4299bdb481ad8e28458784cf8c0b012d0d1576978fecf6efe5b9ab","576","14","1-14","COMPLETE","DROP","DROP_ALL"
"0df22ddaf02c64bf73a7df12cd5fea6b52632c73","PRIMARY","REVIEW_02","repository","main-java","src/main/java/com/tuoman/ai_task_orchestrator/repository/RagEvaluationRunRepository.java","a888b4266185e8189d9c56be0975d913cdd6f8612b7b52b15df81b62f29b8a80","615","16","1-16","COMPLETE","DROP","DROP_ALL"
"0df22ddaf02c64bf73a7df12cd5fea6b52632c73","PRIMARY","REVIEW_02","repository","main-java","src/main/java/com/tuoman/ai_task_orchestrator/repository/RetrievalReindexEventRepository.java","1fdbeef11a5a122f0071e124ffea9cd1c7c4c0bd8bc3814d94f09406c3fcdd2b","301","7","1-7","COMPLETE","DROP","DROP_ALL"
"0df22ddaf02c64bf73a7df12cd5fea6b52632c73","PRIMARY","REVIEW_02","repository","main-java","src/main/java/com/tuoman/ai_task_orchestrator/repository/TaskAttemptRepository.java","704750a9c1597a4c1c4ef2c53160b2a7db64cd7d477c0aada5c07d84f7a7cfd0","833","20","1-20","COMPLETE","DROP","KEEP_ONLY_GO_PROVEN_JOB_INVARIANTS"
"0df22ddaf02c64bf73a7df12cd5fea6b52632c73","PRIMARY","REVIEW_02","repository","main-java","src/main/java/com/tuoman/ai_task_orchestrator/repository/TaskEventRepository.java","e0b6540060c8fba37e8d07771c46b0d457a6aced441f9f299c08985eae7217f6","264","7","1-7","COMPLETE","DROP","DROP_ALL"
"0df22ddaf02c64bf73a7df12cd5fea6b52632c73","PRIMARY","REVIEW_02","repository","main-java","src/main/java/com/tuoman/ai_task_orchestrator/repository/TaskOutboxRepository.java","0fea79e67b27648d67df956a897ffa8925a5a3edb7c5e74986e59d0ddb72d73b","3981","100","1-100","COMPLETE","DROP","KEEP_ONLY_GO_PROVEN_JOB_INVARIANTS"
"0df22ddaf02c64bf73a7df12cd5fea6b52632c73","PRIMARY","REVIEW_02","repository","main-java","src/main/java/com/tuoman/ai_task_orchestrator/repository/TaskOutputChunkRepository.java","7e922afc2b6079a3828b5b898103b086cc1171daf35fb8dd4d6ac196c4448b2e","426","13","1-13","COMPLETE","DROP","DROP_ALL"
"0df22ddaf02c64bf73a7df12cd5fea6b52632c73","PRIMARY","REVIEW_02","repository","main-java","src/main/java/com/tuoman/ai_task_orchestrator/repository/TaskRepository.java","9a199e1a6d5a3936e885d49021ed97a1764a09a38a51089a88423e331cfb5b1e","5395","143","1-143","COMPLETE","DROP","KEEP_ONLY_GO_PROVEN_JOB_INVARIANTS"
"0df22ddaf02c64bf73a7df12cd5fea6b52632c73","PRIMARY","REVIEW_02","repository","main-java","src/main/java/com/tuoman/ai_task_orchestrator/repository/UploadBatchItemRepository.java","6ce7e774891661058cb6f74d3e636048ce7fd1eb27f753bdaf4d9a0a365a8444","738","19","1-19","COMPLETE","DROP","DROP_ALL"
"0df22ddaf02c64bf73a7df12cd5fea6b52632c73","PRIMARY","REVIEW_02","repository","main-java","src/main/java/com/tuoman/ai_task_orchestrator/repository/UploadBatchRepository.java","b1179795e5e9442152576923d592a2f2c8e7bc0c10dc47d56b326900c5ec5fb9","357","11","1-11","COMPLETE","DROP","DROP_ALL"
"0df22ddaf02c64bf73a7df12cd5fea6b52632c73","PRIMARY","REVIEW_02","repository","main-java","src/main/java/com/tuoman/ai_task_orchestrator/repository/VectorAuditIssueRepository.java","358c654bf3500e0998722af8d975c4285a14b925707bba56ec91d2bfce160552","391","11","1-11","COMPLETE","DROP","DROP_ALL"
"0df22ddaf02c64bf73a7df12cd5fea6b52632c73","PRIMARY","REVIEW_02","repository","main-java","src/main/java/com/tuoman/ai_task_orchestrator/repository/VectorAuditRunRepository.java","bb51940c9d0849af893b0fde21e21100fbb4c38c3a3edac5a0446ce365ccc504","369","11","1-11","COMPLETE","DROP","DROP_ALL"
"0df22ddaf02c64bf73a7df12cd5fea6b52632c73","PRIMARY","REVIEW_02","repository","main-java","src/main/java/com/tuoman/ai_task_orchestrator/repository/VectorIndexGenerationRepository.java","27d665a98630dc8b3f285f9d3e152f7849e63e35e8984deca8e9237143c71737","1342","35","1-35","COMPLETE","DROP","DROP_ALL"
"0df22ddaf02c64bf73a7df12cd5fea6b52632c73","PRIMARY","REVIEW_03","scheduler","main-java","src/main/java/com/tuoman/ai_task_orchestrator/scheduler/TaskOutboxDispatcherScheduler.java","f3491014d1f5190513eeca78fc81615409cc81998f61d7a99bfa3c40495e186f","2919","81","1-81","COMPLETE","DROP","DROP_ALL"
"0df22ddaf02c64bf73a7df12cd5fea6b52632c73","PRIMARY","REVIEW_03","scheduler","main-java","src/main/java/com/tuoman/ai_task_orchestrator/scheduler/TaskRetryScheduler.java","aa73ded84e21f25ce067fc6b1bf60051776caa5979271701899e3a353e0c06c8","2542","71","1-71","COMPLETE","DROP","DROP_ALL"
"0df22ddaf02c64bf73a7df12cd5fea6b52632c73","PRIMARY","REVIEW_03","scheduler","main-java","src/main/java/com/tuoman/ai_task_orchestrator/scheduler/TaskTimeoutScheduler.java","cf2dac0c57c162b1b62a7ac70d161034908217078ee987e44c40a60b269ba45a","1637","48","1-48","COMPLETE","DROP","DROP_ALL"
"0df22ddaf02c64bf73a7df12cd5fea6b52632c73","PRIMARY","REVIEW_03","scheduler","main-java","src/main/java/com/tuoman/ai_task_orchestrator/scheduler/TrashCleanupScheduler.java","049285a5f19fb6dc96eef5d9fb9845fb6cab256b3d27b8cb18b73bd641216f9d","926","28","1-28","COMPLETE","DROP","DROP_ALL"
"0df22ddaf02c64bf73a7df12cd5fea6b52632c73","PRIMARY","REVIEW_01","security","main-java","src/main/java/com/tuoman/ai_task_orchestrator/security/ApiKeySecretService.java","65e90cf4fbffb4f84af0194f4dc82cf19a5085e4502e4a62b1bf5c1732bb076b","4447","109","1-109","COMPLETE","DROP","DROP_ALL"
"0df22ddaf02c64bf73a7df12cd5fea6b52632c73","PRIMARY","REVIEW_01","state","main-java","src/main/java/com/tuoman/ai_task_orchestrator/state/TaskStateMachine.java","4cc4f2ce83e4497cde154c8d6b0ddd8a8ef2fc39e1e13cc4e9f4e3a94484b14d","1511","41","1-41","COMPLETE","DROP","KEEP_ONLY_GO_PROVEN_JOB_INVARIANTS"
"0df22ddaf02c64bf73a7df12cd5fea6b52632c73","PRIMARY","REVIEW_02","storage","main-java","src/main/java/com/tuoman/ai_task_orchestrator/storage/CacheManagementService.java","6bac6cb686746a2e979d14c36800a6d3ba07b7dfc4b1f44c53532349a97ba5e3","1857","54","1-54","COMPLETE","DROP","DROP_ALL"
"0df22ddaf02c64bf73a7df12cd5fea6b52632c73","PRIMARY","REVIEW_02","storage","main-java","src/main/java/com/tuoman/ai_task_orchestrator/storage/StorageCleanupService.java","130b8cef7bd343036fa1ddfab5c6793914dd1701c10476c56e573c2e1c0b27fb","4718","111","1-111","COMPLETE","DROP","KEEP_ONLY_GO_PROVEN_RESIDUE_RECOVERY"
"0df22ddaf02c64bf73a7df12cd5fea6b52632c73","PRIMARY","REVIEW_02","storage","main-java","src/main/java/com/tuoman/ai_task_orchestrator/storage/StorageSummaryService.java","88d856112a5f918d5ce2fb99cf80b14a60291eb7a511e8d1267f2dcb71811072","2811","64","1-64","COMPLETE","DROP","DROP_ALL"
"0df22ddaf02c64bf73a7df12cd5fea6b52632c73","PRIMARY","REVIEW_01","profiles","application-profile","src/main/resources/application-docker.properties","d4cc8b37599b5169efa91c4f4de98fafac51a528b588d4a5fea68b7d13a30a31","604","17","1-17","COMPLETE","DROP","DROP_PROFILE"
"0df22ddaf02c64bf73a7df12cd5fea6b52632c73","PRIMARY","REVIEW_01","profiles","application-profile","src/main/resources/application-local-ai.properties","e5ca53156640f7c15b4918067e5b0bec861857df9f44eb5060726bb3a6964e8c","799","24","1-24","COMPLETE","DROP","DROP_PROFILE"
"0df22ddaf02c64bf73a7df12cd5fea6b52632c73","PRIMARY","REVIEW_01","profiles","application-profile","src/main/resources/application-qdrant.properties","f6135d95e34580ff2caa825b244b3bdad990ba4d89aa5c280299e500d9a8c865","556","12","1-12","COMPLETE","DROP","DROP_PROFILE"
"0df22ddaf02c64bf73a7df12cd5fea6b52632c73","PRIMARY","REVIEW_01","profiles","application-profile","src/main/resources/application.properties","d5b9aa44a69ae7f76f9bef2274cf8bcf4d449ee0eaa04f8d7629039ab7ef3c0f","4346","129","1-129","COMPLETE","DROP","DROP_PROFILE"
"0df22ddaf02c64bf73a7df12cd5fea6b52632c73","PRIMARY","REVIEW_02","flyway","migration-sql","src/main/resources/db/migration/V1__create_task_table.sql","1f0beacdef0dd8f93750b4f66c3ec519c59435e412135fc418209173b35b27ea","395","8","1-8","COMPLETE","DROP","DROP_MYSQL_MIGRATION"
"0df22ddaf02c64bf73a7df12cd5fea6b52632c73","PRIMARY","REVIEW_02","flyway","migration-sql","src/main/resources/db/migration/V10__add_requested_model_to_task.sql","e0a68b408b4b24f39dc71ac3a337dc53ed414bf74395aa2e34fc44d2540686d1","78","2","1-2","COMPLETE","DROP","DROP_MYSQL_MIGRATION"
"0df22ddaf02c64bf73a7df12cd5fea6b52632c73","PRIMARY","REVIEW_02","flyway","migration-sql","src/main/resources/db/migration/V11__create_task_output_chunk_table.sql","5cf40603c740bde55cccc0575d2c4f355844d8dc6f54ae697d10fea1d9a87ace","313","8","1-8","COMPLETE","DROP","DROP_MYSQL_MIGRATION"
"0df22ddaf02c64bf73a7df12cd5fea6b52632c73","PRIMARY","REVIEW_02","flyway","migration-sql","src/main/resources/db/migration/V12__create_document_tables.sql","8f925113612a7cb063cc50f0be2e8e5771bba3212c6abc59ad5751a5431e1f7d","807","21","1-21","COMPLETE","DROP","DROP_MYSQL_MIGRATION"
"0df22ddaf02c64bf73a7df12cd5fea6b52632c73","PRIMARY","REVIEW_02","flyway","migration-sql","src/main/resources/db/migration/V13__add_chunk_metadata_fields.sql","09f6038b514744a821ea8777fd46ab71423724aff018e77c3f45e38fac822ffc","186","5","1-5","COMPLETE","DROP","DROP_MYSQL_MIGRATION"
"0df22ddaf02c64bf73a7df12cd5fea6b52632c73","PRIMARY","REVIEW_02","flyway","migration-sql","src/main/resources/db/migration/V14__create_document_chunk_embedding_table.sql","9c32c87ef20acf9b0d88d03161418e9fc8a7d2920f88e6c4b4c9ff25bee4105a","659","13","1-13","COMPLETE","DROP","DROP_MYSQL_MIGRATION"
"0df22ddaf02c64bf73a7df12cd5fea6b52632c73","PRIMARY","REVIEW_02","flyway","migration-sql","src/main/resources/db/migration/V15__create_task_outbox_table.sql","687d942f1366c3136aa8d3dce13c7cf2ac020fbb60d0768724ba3281b78917f5","687","18","1-18","COMPLETE","DROP","DROP_MYSQL_MIGRATION"
"0df22ddaf02c64bf73a7df12cd5fea6b52632c73","PRIMARY","REVIEW_02","flyway","migration-sql","src/main/resources/db/migration/V16__create_task_attempt_table.sql","5c26c907450207b769ee1754452d0c8fea32a1c4ca968d7a9fac3c39df873e88","885","24","1-24","COMPLETE","DROP","DROP_MYSQL_MIGRATION"
"0df22ddaf02c64bf73a7df12cd5fea6b52632c73","PRIMARY","REVIEW_02","flyway","migration-sql","src/main/resources/db/migration/V17__create_embedding_cache_table.sql","defccb9f4b5fff1c4a069c56c3c6e1cf3a3c1e36295479fe642039e7aa3a17a2","501","11","1-11","COMPLETE","DROP","DROP_MYSQL_MIGRATION"
"0df22ddaf02c64bf73a7df12cd5fea6b52632c73","PRIMARY","REVIEW_02","flyway","migration-sql","src/main/resources/db/migration/V18__create_embedding_cache_metric_table.sql","638a3b98721d0738bd2b3ee28d582a8a9213631d2659c4b09df9688a040532cd","714","15","1-15","COMPLETE","DROP","DROP_MYSQL_MIGRATION"
"0df22ddaf02c64bf73a7df12cd5fea6b52632c73","PRIMARY","REVIEW_02","flyway","migration-sql","src/main/resources/db/migration/V19__create_document_ingestion_task.sql","c7f5937d3f50a93169178b6cd97f4f29f7fccd8746eeeff4ccb5b62585aa4303","938","23","1-23","COMPLETE","DROP","DROP_MYSQL_MIGRATION"
"0df22ddaf02c64bf73a7df12cd5fea6b52632c73","PRIMARY","REVIEW_02","flyway","migration-sql","src/main/resources/db/migration/V2__create_task_event_table.sql","0e1f42758f95d1df0926d15bd3761507730a37e41a6d97fa994c2f8a2ed4f017","675","12","1-12","COMPLETE","DROP","DROP_MYSQL_MIGRATION"
"0df22ddaf02c64bf73a7df12cd5fea6b52632c73","PRIMARY","REVIEW_02","flyway","migration-sql","src/main/resources/db/migration/V20__create_document_ingestion_event.sql","6d28b27b8f9a89ec20a3de60b68a4a4e9a325b4125bf901aa53c6a549fb52c59","642","17","1-17","COMPLETE","DROP","DROP_MYSQL_MIGRATION"
"0df22ddaf02c64bf73a7df12cd5fea6b52632c73","PRIMARY","REVIEW_02","flyway","migration-sql","src/main/resources/db/migration/V21__add_document_lifecycle_status.sql","4658ddec0b163229e544008eab93643fe3c6601798863b74953b510856eab1b6","222","5","1-5","COMPLETE","DROP","DROP_MYSQL_MIGRATION"
"0df22ddaf02c64bf73a7df12cd5fea6b52632c73","PRIMARY","REVIEW_02","flyway","migration-sql","src/main/resources/db/migration/V22__add_document_reindex_and_chunk_generation.sql","ecdf055fe5b8a4cc3c5c0412e3612dd5daca54db64f7c2ae43c1e76018bcb0c8","659","15","1-15","COMPLETE","DROP","DROP_MYSQL_MIGRATION"
"0df22ddaf02c64bf73a7df12cd5fea6b52632c73","PRIMARY","REVIEW_02","flyway","migration-sql","src/main/resources/db/migration/V23__add_knowledge_collection.sql","183abc3cd25ece87064d4dd3aa720d3a3079d0710e59c8acebd3c7ec98ad49f9","910","21","1-21","COMPLETE","DROP","DROP_MYSQL_MIGRATION"
"0df22ddaf02c64bf73a7df12cd5fea6b52632c73","PRIMARY","REVIEW_02","flyway","migration-sql","src/main/resources/db/migration/V24__add_agent_task.sql","b3acd98c6dfb7d4ea9d4c257eb70651424b22b3201a743f2543233edb2e9931b","2286","63","1-63","COMPLETE","DROP","DROP_MYSQL_MIGRATION"
"0df22ddaf02c64bf73a7df12cd5fea6b52632c73","PRIMARY","REVIEW_02","flyway","migration-sql","src/main/resources/db/migration/V25__add_agent_task_step.sql","79f656fe1a656f57355e44da9473ca2221cc0c6db6b695db0132fcc4bd395865","1106","30","1-30","COMPLETE","DROP","DROP_MYSQL_MIGRATION"
"0df22ddaf02c64bf73a7df12cd5fea6b52632c73","PRIMARY","REVIEW_02","flyway","migration-sql","src/main/resources/db/migration/V26__create_model_provider_config.sql","8fb7a039f474a286e1b930fcec98297d6c4d7eaf2ffd9e97c39333c2b05c0081","1114","25","1-25","COMPLETE","DROP","DROP_MYSQL_MIGRATION"
"0df22ddaf02c64bf73a7df12cd5fea6b52632c73","PRIMARY","REVIEW_02","flyway","migration-sql","src/main/resources/db/migration/V27__document_trash_and_purge.sql","7ce55dba2f06644c5f85d71751547759d2e55b3149d5a6e8fbb15065f0422f1b","537","13","1-13","COMPLETE","DROP","DROP_MYSQL_MIGRATION"
"0df22ddaf02c64bf73a7df12cd5fea6b52632c73","PRIMARY","REVIEW_02","flyway","migration-sql","src/main/resources/db/migration/V28__batch_ingestion_and_notification.sql","45769e900de92f9a46ee15499a772b748538d237366af70c2effd8e3c10a575f","2835","77","1-77","COMPLETE","DROP","DROP_MYSQL_MIGRATION"
"0df22ddaf02c64bf73a7df12cd5fea6b52632c73","PRIMARY","REVIEW_02","flyway","migration-sql","src/main/resources/db/migration/V29__rag_evaluation_health.sql","15edeb4ee9dff3aa6bf552a2874b0ecf1d2c78c8ea814893a7b93f08b45cfd70","3301","89","1-89","COMPLETE","DROP","DROP_MYSQL_MIGRATION"
"0df22ddaf02c64bf73a7df12cd5fea6b52632c73","PRIMARY","REVIEW_02","flyway","migration-sql","src/main/resources/db/migration/V3__add_error_message_to_task.sql","b0b95f5718b308fbf49a08201af11a60ec34646eaf9bfd52e883a982b4dd482d","59","2","1-2","COMPLETE","DROP","DROP_MYSQL_MIGRATION"
"0df22ddaf02c64bf73a7df12cd5fea6b52632c73","PRIMARY","REVIEW_02","flyway","migration-sql","src/main/resources/db/migration/V30__structured_chunk_and_retrieval_metadata.sql","1c74591723e67284908789ffeb1fa86365f72c7738893bf7a3df3c5bcf37b47e","1779","45","1-45","COMPLETE","DROP","DROP_MYSQL_MIGRATION"
"0df22ddaf02c64bf73a7df12cd5fea6b52632c73","PRIMARY","REVIEW_02","flyway","migration-sql","src/main/resources/db/migration/V31__vector_index_isolation_and_audit.sql","95e6353adaafd9a87888bd97d31414e7462c647c48d751c6457348be50213ce7","2777","67","1-67","COMPLETE","DROP","DROP_MYSQL_MIGRATION"
"0df22ddaf02c64bf73a7df12cd5fea6b52632c73","PRIMARY","REVIEW_02","flyway","migration-sql","src/main/resources/db/migration/V32__grounded_answer_trace.sql","c178532ad51cb1da2d756eaf979ebb10e79900dd5a5d26920e4dc66422f4a1f1","469","6","1-6","COMPLETE","DROP","DROP_MYSQL_MIGRATION"
"0df22ddaf02c64bf73a7df12cd5fea6b52632c73","PRIMARY","REVIEW_02","flyway","migration-sql","src/main/resources/db/migration/V33__memory_foundation_and_agent_profiles.sql","ed3437c7c1a2739176c6c48b266b709ce139b23e7533915df0ebfda1b3cfca47","3933","74","1-74","COMPLETE","DROP","DROP_MYSQL_MIGRATION"
"0df22ddaf02c64bf73a7df12cd5fea6b52632c73","PRIMARY","REVIEW_02","flyway","migration-sql","src/main/resources/db/migration/V4__add_retry_fields_to_task.sql","07482e7b74b508c9e077ebbe613f68949768098fa8c5db443ee8cf052e5e2d73","168","4","1-4","COMPLETE","DROP","DROP_MYSQL_MIGRATION"
"0df22ddaf02c64bf73a7df12cd5fea6b52632c73","PRIMARY","REVIEW_02","flyway","migration-sql","src/main/resources/db/migration/V5__add_timeout_fields_to_task.sql","c625bd08046d3ee8b4e4e23b1bf80009dd46166f5266adb465c704c0625af271","120","3","1-3","COMPLETE","DROP","DROP_MYSQL_MIGRATION"
"0df22ddaf02c64bf73a7df12cd5fea6b52632c73","PRIMARY","REVIEW_02","flyway","migration-sql","src/main/resources/db/migration/V6__add_llm_result_fields_to_task.sql","12ee0f089a4ec7ba0017b3a2f0e92e1ca2cdd531217ec720b993c09021995356","135","3","1-3","COMPLETE","DROP","DROP_MYSQL_MIGRATION"
"0df22ddaf02c64bf73a7df12cd5fea6b52632c73","PRIMARY","REVIEW_02","flyway","migration-sql","src/main/resources/db/migration/V7__create_prompt_template_table.sql","ef2f71681ca9d11ea7e732b61a1d645d5089c2cfd6aeac33736f32cba6ce2794","714","21","1-21","COMPLETE","DROP","DROP_MYSQL_MIGRATION"
"0df22ddaf02c64bf73a7df12cd5fea6b52632c73","PRIMARY","REVIEW_02","flyway","migration-sql","src/main/resources/db/migration/V8__add_prompt_render_fields_to_task.sql","62566ac37c18261d89d83a7b43b16fc3e3a1b82330373980a111bb535f2a2c3c","147","3","1-3","COMPLETE","DROP","DROP_MYSQL_MIGRATION"
"0df22ddaf02c64bf73a7df12cd5fea6b52632c73","PRIMARY","REVIEW_02","flyway","migration-sql","src/main/resources/db/migration/V9__add_llm_usage_fields_to_task.sql","549a0035c8a587045b437e766c3036c1b9639a9328aea99da2a1065ba74fd2d3","352","6","1-6","COMPLETE","DROP","DROP_MYSQL_MIGRATION"
"0df22ddaf02c64bf73a7df12cd5fea6b52632c73","PRIMARY","REVIEW_01","common","test-java","src/test/java/com/tuoman/ai_task_orchestrator/common/error/GlobalExceptionHandlerTest.java","907ddf47431956141333fcb42008f3b8c13b1250754d75b44c0da3b4b72f4af3","8742","204","1-204","COMPLETE","DROP","DROP_TEST_IMPLEMENTATION"
"0df22ddaf02c64bf73a7df12cd5fea6b52632c73","PRIMARY","REVIEW_02","entity;flyway-profile;repository","test-java","src/test/java/com/tuoman/ai_task_orchestrator/repository/DocumentRepositoryLifecycleQueryTest.java","4d5d3d5b0298ea6e65df2c5d5a9f72ac35ce4c9ccc83e71dd6c7e509e2e2ab64","1872","45","1-45","COMPLETE","DROP","DROP_TEST_IMPLEMENTATION"
"0df22ddaf02c64bf73a7df12cd5fea6b52632c73","PRIMARY","REVIEW_02","entity;flyway-profile;repository","test-java","src/test/java/com/tuoman/ai_task_orchestrator/repository/EmbeddingCacheMetricRepositoryTest.java","da27d8cf12946230f3fcc46f3282bf726795b846e31d926dce32f9f1b8ab1617","6256","162","1-162","COMPLETE","DROP","DROP_TEST_IMPLEMENTATION"
"0df22ddaf02c64bf73a7df12cd5fea6b52632c73","PRIMARY","REVIEW_02","entity;flyway-profile;repository","test-java","src/test/java/com/tuoman/ai_task_orchestrator/repository/EmbeddingCacheRepositoryTest.java","3a09eb46d8f6d5f51bbc406fac8ae59c44c24b73f15361ab596175531677ccee","6486","137","1-137","COMPLETE","DROP","DROP_TEST_IMPLEMENTATION"
"0df22ddaf02c64bf73a7df12cd5fea6b52632c73","PRIMARY","REVIEW_02","entity;flyway-profile;repository","test-java","src/test/java/com/tuoman/ai_task_orchestrator/repository/TaskOutboxRepositoryTest.java","d2a6d376633b361b825a3392f3fb948be022d828de920c2f6065af070d4070ba","9475","243","1-243","COMPLETE","DROP","DROP_TEST_IMPLEMENTATION"
"0df22ddaf02c64bf73a7df12cd5fea6b52632c73","PRIMARY","REVIEW_02","entity;flyway-profile;repository","test-java","src/test/java/com/tuoman/ai_task_orchestrator/repository/TaskRepositoryFinalizationTest.java","16de9f9fe937f0a5fe58cd949a35137f4ffdb34aa510a6daaea10cf2190c0dbf","6524","204","1-204","COMPLETE","DROP","DROP_TEST_IMPLEMENTATION"
"0df22ddaf02c64bf73a7df12cd5fea6b52632c73","PRIMARY","REVIEW_02","entity;repository;scheduler","test-java","src/test/java/com/tuoman/ai_task_orchestrator/scheduler/TaskOutboxDispatcherSchedulerTest.java","65eb8c03e6a22aee8b02433d8c555f0b877aeacd707fb4b37c365f5c6bc415e1","3730","95","1-95","COMPLETE","DROP","DROP_TEST_IMPLEMENTATION"
"0df22ddaf02c64bf73a7df12cd5fea6b52632c73","PRIMARY","REVIEW_02","entity;repository;scheduler","test-java","src/test/java/com/tuoman/ai_task_orchestrator/scheduler/TaskRetrySchedulerTest.java","5c5ce9e2c4f250171f79642d980bd5bcdb771bbed4b5d824e206490e0477ab8b","2599","74","1-74","COMPLETE","DROP","DROP_TEST_IMPLEMENTATION"
"0df22ddaf02c64bf73a7df12cd5fea6b52632c73","PRIMARY","REVIEW_01","config;security","test-java","src/test/java/com/tuoman/ai_task_orchestrator/security/ApiKeySecretServiceTest.java","ae9b9ab1522e5c6e267e192e19235cb1424d6f5882d13040470ed83e04e27160","1249","41","1-41","COMPLETE","DROP","DROP_TEST_IMPLEMENTATION"
"0df22ddaf02c64bf73a7df12cd5fea6b52632c73","PRIMARY","REVIEW_01","state","test-java","src/test/java/com/tuoman/ai_task_orchestrator/state/TaskStateMachineTest.java","0c6f1bbec640c6c6810d76d435fcc5c53c59f9c7daf88f2f36d836775abc008a","2335","49","1-49","COMPLETE","DROP","DROP_TEST_IMPLEMENTATION"
"0df22ddaf02c64bf73a7df12cd5fea6b52632c73","PRIMARY","REVIEW_02","repository;storage","test-java","src/test/java/com/tuoman/ai_task_orchestrator/storage/CacheManagementServiceTest.java","f819d27b518226fdaf56059ec4b7cf083e4421cbc530b36748c091b764b1ad0a","1738","50","1-50","COMPLETE","DROP","DROP_TEST_IMPLEMENTATION"
"0df22ddaf02c64bf73a7df12cd5fea6b52632c73","PRIMARY","REVIEW_02","entity;repository;storage","test-java","src/test/java/com/tuoman/ai_task_orchestrator/storage/StorageCleanupServiceTest.java","9318ef4bd6831da71e6ecc7b0a5109c5812abf79fbce7b92d076c16046c829de","3165","81","1-81","COMPLETE","DROP","DROP_TEST_IMPLEMENTATION"
"0df22ddaf02c64bf73a7df12cd5fea6b52632c73","PRIMARY","REVIEW_02","repository;storage","test-java","src/test/java/com/tuoman/ai_task_orchestrator/storage/StorageSummaryServiceTest.java","184e69b8a8973bbe062dbed0c5edc9b7459831ded1e3cf9ae37d7d5fcfe51040","2230","56","1-56","COMPLETE","DROP","DROP_TEST_IMPLEMENTATION"
"0df22ddaf02c64bf73a7df12cd5fea6b52632c73","CROSS_REFERENCE","REVIEW_01","common","test-java","src/test/java/com/tuoman/ai_task_orchestrator/agent/tool/AgentToolRegistryTest.java","a7e5ebd1a962b64ef2be4fa28a86f393c5db5ed00c14fc3874038bb0477aaea8","2491","82","1-82","COMPLETE","DROP","DROP_TEST_IMPLEMENTATION"
"0df22ddaf02c64bf73a7df12cd5fea6b52632c73","CROSS_REFERENCE","REVIEW_01","common","test-java","src/test/java/com/tuoman/ai_task_orchestrator/agent/tool/KnowledgeSearchToolTest.java","9dc038f8a9a79179cab145810cc24d24f17d816881bce3ccaf7f2846f2fcbf1e","5221","126","1-126","COMPLETE","DROP","DROP_TEST_IMPLEMENTATION"
"0df22ddaf02c64bf73a7df12cd5fea6b52632c73","CROSS_REFERENCE","REVIEW_04_SUPPLEMENT","flyway-profile","test-java","src/test/java/com/tuoman/ai_task_orchestrator/AiTaskOrchestratorApplicationTests.java","e8aecc64bd9a5755693f8b46955942dc0e58370cde7445cab03fedc11cfaac7c","235","13","1-13","COMPLETE","DROP","DROP_TEST_IMPLEMENTATION"
"0df22ddaf02c64bf73a7df12cd5fea6b52632c73","CROSS_REFERENCE","REVIEW_02","entity;flyway-profile;repository","test-java","src/test/java/com/tuoman/ai_task_orchestrator/batch/DuplicateDetectionServiceTest.java","cb1b46a4ff4f1c239db0ecbcf9b627217cac1dbe686bf13d3b3b124e84b5ca1c","3680","86","1-86","COMPLETE","DROP","DROP_TEST_IMPLEMENTATION"
"0df22ddaf02c64bf73a7df12cd5fea6b52632c73","CROSS_REFERENCE","REVIEW_01","common","test-java","src/test/java/com/tuoman/ai_task_orchestrator/controller/AgentTaskControllerTest.java","a5179bf7b4fe2cd58e7fac5ec04d17613d86a64ed03529cc77bb89fff286c4e2","5601","141","1-141","COMPLETE","DROP","DROP_TEST_IMPLEMENTATION"
"0df22ddaf02c64bf73a7df12cd5fea6b52632c73","CROSS_REFERENCE","REVIEW_01","common","test-java","src/test/java/com/tuoman/ai_task_orchestrator/controller/AgentToolControllerTest.java","fe1b6e22867e0dee6b79ec3ba95c8cd734d6427f4725bb5476748c50c7cbf1b3","2406","59","1-59","COMPLETE","DROP","DROP_TEST_IMPLEMENTATION"
"0df22ddaf02c64bf73a7df12cd5fea6b52632c73","CROSS_REFERENCE","REVIEW_01","common","test-java","src/test/java/com/tuoman/ai_task_orchestrator/controller/ApiErrorResponseControllerTest.java","652dbb732841ee65804abcc0359ec5382ce8f0cfcd5b32a08949fa8f0ca802df","5248","116","1-116","COMPLETE","DROP","DROP_TEST_IMPLEMENTATION"
"0df22ddaf02c64bf73a7df12cd5fea6b52632c73","CROSS_REFERENCE","REVIEW_01","common;config","test-java","src/test/java/com/tuoman/ai_task_orchestrator/controller/BatchUploadControllerTest.java","c1707ded6bcc64f48482f46cda2acd9a4a23f2b39cf10fadae04d099bb232fbb","5040","121","1-121","COMPLETE","DROP","DROP_TEST_IMPLEMENTATION"
"0df22ddaf02c64bf73a7df12cd5fea6b52632c73","CROSS_REFERENCE","REVIEW_01","common","test-java","src/test/java/com/tuoman/ai_task_orchestrator/controller/CollectionControllerTest.java","b95f024c69e0e67bc47c07a69d2b6310aed1333f98862f7867b41c5e5649ea4a","5374","125","1-125","COMPLETE","DROP","DROP_TEST_IMPLEMENTATION"
"0df22ddaf02c64bf73a7df12cd5fea6b52632c73","CROSS_REFERENCE","REVIEW_01","common","test-java","src/test/java/com/tuoman/ai_task_orchestrator/controller/DocumentIngestionApiTest.java","1da3c68524df1d46666029bdedf00f814a79dad967a9446aeab83f09062e0714","8340","204","1-204","COMPLETE","DROP","DROP_TEST_IMPLEMENTATION"
"0df22ddaf02c64bf73a7df12cd5fea6b52632c73","CROSS_REFERENCE","REVIEW_01","common","test-java","src/test/java/com/tuoman/ai_task_orchestrator/controller/DocumentReadApiTest.java","1da95db88692315a649372ee9ccd83ba930a1f3f7a6c2b2f9527b43347abe705","8197","187","1-187","COMPLETE","DROP","DROP_TEST_IMPLEMENTATION"
"0df22ddaf02c64bf73a7df12cd5fea6b52632c73","CROSS_REFERENCE","REVIEW_01","common","test-java","src/test/java/com/tuoman/ai_task_orchestrator/controller/DocumentUploadApiTest.java","e36f31870ed2299f2649779ad7177747fd1537cef668f26d276f97abc1f818b9","3737","83","1-83","COMPLETE","DROP","DROP_TEST_IMPLEMENTATION"
"0df22ddaf02c64bf73a7df12cd5fea6b52632c73","CROSS_REFERENCE","REVIEW_01","common","test-java","src/test/java/com/tuoman/ai_task_orchestrator/controller/EvaluationRunControllerTest.java","08af30cc04b0dcdbdf837fd02997d50f2d1c4684b31a29c1507738aaa2b356fe","5275","127","1-127","COMPLETE","DROP","DROP_TEST_IMPLEMENTATION"
"0df22ddaf02c64bf73a7df12cd5fea6b52632c73","CROSS_REFERENCE","REVIEW_01","common","test-java","src/test/java/com/tuoman/ai_task_orchestrator/controller/ModelProviderControllerTest.java","73865675751ab1c2eb4dd3c7e711b12c2bd561bf19cf1e4c21b8c390670a124d","5593","142","1-142","COMPLETE","DROP","DROP_TEST_IMPLEMENTATION"
"0df22ddaf02c64bf73a7df12cd5fea6b52632c73","CROSS_REFERENCE","REVIEW_04_SUPPLEMENT","flyway-profile","test-java","src/test/java/com/tuoman/ai_task_orchestrator/controller/RagAnswerControllerQualityTest.java","17a75fcafecdca1aa83e05cfc5b418a1267bee31dc1cde1409405c6e3f6270f3","3854","81","1-81","COMPLETE","DROP","DROP_TEST_IMPLEMENTATION"
"0df22ddaf02c64bf73a7df12cd5fea6b52632c73","CROSS_REFERENCE","REVIEW_01","common","test-java","src/test/java/com/tuoman/ai_task_orchestrator/controller/RagAnswerControllerTest.java","cef3008ec021d0874c7f0cf4c1b89535c4fe9b8c500564eb7360eaf7ceb2f37b","6821","143","1-143","COMPLETE","DROP","DROP_TEST_IMPLEMENTATION"
"0df22ddaf02c64bf73a7df12cd5fea6b52632c73","CROSS_REFERENCE","REVIEW_04_SUPPLEMENT","flyway-profile","test-java","src/test/java/com/tuoman/ai_task_orchestrator/controller/RuntimeStatusControllerTest.java","968a4c0f4c15f7138f0d6b0a65b28457e1c2797c3cd99a804419aa29f3318c9f","2067","48","1-48","COMPLETE","DROP","DROP_TEST_IMPLEMENTATION"
"0df22ddaf02c64bf73a7df12cd5fea6b52632c73","CROSS_REFERENCE","REVIEW_01","common;entity","test-java","src/test/java/com/tuoman/ai_task_orchestrator/controller/VectorIndexHealthControllerTest.java","a7cf7280c5139ab00dd044da754aac32cbaa7e98b48dd2a22dde762e1708cfb8","5747","135","1-135","COMPLETE","DROP","DROP_TEST_IMPLEMENTATION"
"0df22ddaf02c64bf73a7df12cd5fea6b52632c73","CROSS_REFERENCE","REVIEW_01","common","test-java","src/test/java/com/tuoman/ai_task_orchestrator/document/extract/DocumentTextExtractorTest.java","5b91bd8ba2371b480f75f54e99ea757cb75c9051cc1903db99d62d20f0da51cc","2049","51","1-51","COMPLETE","DROP","DROP_TEST_IMPLEMENTATION"
"0df22ddaf02c64bf73a7df12cd5fea6b52632c73","CROSS_REFERENCE","REVIEW_02","entity;repository","test-java","src/test/java/com/tuoman/ai_task_orchestrator/document/ingestion/DocumentIngestionEventRecorderTest.java","5294dcc694cc4fb2b722f35d0bfe804d5c1e9ee8cb98c20c7c79a108b5a1f4c6","4312","97","1-97","COMPLETE","DROP","DROP_TEST_IMPLEMENTATION"
"0df22ddaf02c64bf73a7df12cd5fea6b52632c73","CROSS_REFERENCE","REVIEW_01","common","test-java","src/test/java/com/tuoman/ai_task_orchestrator/document/ingestion/IngestionAnalyticsWindowTest.java","d8214bd7bda3b0a832086bc26a78dc09911ac6cc313bc7c497c11098de4f2e8b","1213","27","1-27","COMPLETE","DROP","DROP_TEST_IMPLEMENTATION"
"0df22ddaf02c64bf73a7df12cd5fea6b52632c73","CROSS_REFERENCE","REVIEW_01","config","test-java","src/test/java/com/tuoman/ai_task_orchestrator/document/StructuredChunkingServiceTest.java","2cf368c2d4d81b8fae1b0a048eef64b93eeaf09427e9cdfa8f21c1be741e0d6e","2448","60","1-60","COMPLETE","DROP","DROP_TEST_IMPLEMENTATION"
"0df22ddaf02c64bf73a7df12cd5fea6b52632c73","CROSS_REFERENCE","REVIEW_04_SUPPLEMENT","flyway-profile","test-java","src/test/java/com/tuoman/ai_task_orchestrator/embedding/ChunkHashServiceTest.java","45cb2e3bc3d6130ed295fd21941edacba7ab7c7cf4bea8e72950a086a2ee86fd","1987","62","1-62","COMPLETE","DROP","DROP_TEST_IMPLEMENTATION"
"0df22ddaf02c64bf73a7df12cd5fea6b52632c73","CROSS_REFERENCE","REVIEW_02","flyway-profile;repository","test-java","src/test/java/com/tuoman/ai_task_orchestrator/embedding/EmbeddingCacheMetricsServiceIntegrationTest.java","08c15cd00a95f498dbdf2bc8750d6d0b2336d09f4b9bf8a9eddeacf6bc950853","5425","135","1-135","COMPLETE","DROP","DROP_TEST_IMPLEMENTATION"
"0df22ddaf02c64bf73a7df12cd5fea6b52632c73","CROSS_REFERENCE","REVIEW_02","repository","test-java","src/test/java/com/tuoman/ai_task_orchestrator/embedding/EmbeddingCacheMetricsServiceTest.java","ff76b130f444b040ec7f94929b7657a222e7e683e0c8cc0e4612925c5598ccd4","1852","52","1-52","COMPLETE","DROP","DROP_TEST_IMPLEMENTATION"
"0df22ddaf02c64bf73a7df12cd5fea6b52632c73","CROSS_REFERENCE","REVIEW_02","flyway-profile;repository","test-java","src/test/java/com/tuoman/ai_task_orchestrator/embedding/EmbeddingCacheServiceIntegrationTest.java","39dac83eeccea2c046e86a2847269c40ef94e7ec9edc6dacd9adb52ebf6b8c15","8598","262","1-262","COMPLETE","DROP","DROP_TEST_IMPLEMENTATION"
"0df22ddaf02c64bf73a7df12cd5fea6b52632c73","CROSS_REFERENCE","REVIEW_02","flyway-profile;repository","test-java","src/test/java/com/tuoman/ai_task_orchestrator/embedding/EmbeddingCacheServiceMetricsIntegrationTest.java","09012113c2937a2e4b6cdf09b2d5c5b1bafecafb43d2b0dba60d3824a57ef68e","3445","108","1-108","COMPLETE","DROP","DROP_TEST_IMPLEMENTATION"
"0df22ddaf02c64bf73a7df12cd5fea6b52632c73","CROSS_REFERENCE","REVIEW_02","entity;repository","test-java","src/test/java/com/tuoman/ai_task_orchestrator/embedding/EmbeddingCacheServiceTest.java","0f99f46f0320c3935c79817a4257b8cc49da264104c2dd970bcb063e65037b34","10258","222","1-222","COMPLETE","DROP","DROP_TEST_IMPLEMENTATION"
"0df22ddaf02c64bf73a7df12cd5fea6b52632c73","CROSS_REFERENCE","REVIEW_02","entity","test-java","src/test/java/com/tuoman/ai_task_orchestrator/evaluation/BenchmarkEvidenceMapperTest.java","9284304af7b7cf36f1c71bac8721efd58b58acd58d064614fb845b078a6d34f9","1773","54","1-54","COMPLETE","DROP","DROP_TEST_IMPLEMENTATION"
"0df22ddaf02c64bf73a7df12cd5fea6b52632c73","CROSS_REFERENCE","REVIEW_02","entity;flyway-profile;repository","test-java","src/test/java/com/tuoman/ai_task_orchestrator/evaluation/BenchmarkRunnerEvidenceMapperTest.java","634b044cd8819555d2e9cfcc2e8da29c133ba0c4e676bea4a608439ff6da6e52","9997","237","1-237","COMPLETE","DROP","DROP_TEST_IMPLEMENTATION"
"0df22ddaf02c64bf73a7df12cd5fea6b52632c73","CROSS_REFERENCE","REVIEW_02","entity;flyway-profile;repository","test-java","src/test/java/com/tuoman/ai_task_orchestrator/evaluation/EmbeddingProviderBenchmarkComparisonTest.java","24a9ba6c18c510840d789cb6b097ab4700cd5728bd976549d0711d9cc4606b3f","20050","481","1-481","COMPLETE","DROP","DROP_TEST_IMPLEMENTATION"
"0df22ddaf02c64bf73a7df12cd5fea6b52632c73","CROSS_REFERENCE","REVIEW_02","entity;flyway-profile;repository","test-java","src/test/java/com/tuoman/ai_task_orchestrator/evaluation/QdrantVectorStoreManualBenchmarkTest.java","745182bc899d9a27c6e57429f763ed358b4385be0e7f1b2c172aec62945feeef","9420","198","1-198","COMPLETE","DROP","DROP_TEST_IMPLEMENTATION"
"0df22ddaf02c64bf73a7df12cd5fea6b52632c73","CROSS_REFERENCE","REVIEW_04_SUPPLEMENT","flyway-profile","test-java","src/test/java/com/tuoman/ai_task_orchestrator/evaluation/rag/RagRetrievalEvaluationRunnerDisabledTest.java","b49e89859510034e3ee7fd941f6a8b46a37254509ec02680ad16ae6622b89426","1121","30","1-30","COMPLETE","DROP","DROP_TEST_IMPLEMENTATION"
"0df22ddaf02c64bf73a7df12cd5fea6b52632c73","CROSS_REFERENCE","REVIEW_02","entity;flyway-profile;repository","test-java","src/test/java/com/tuoman/ai_task_orchestrator/evaluation/VectorStoreBenchmarkComparisonTest.java","ff02326fe2f64429d37901016b02955b1e593d72c453e8ccfdc67e2b3be2de87","8820","177","1-177","COMPLETE","DROP","DROP_TEST_IMPLEMENTATION"
"0df22ddaf02c64bf73a7df12cd5fea6b52632c73","CROSS_REFERENCE","REVIEW_04_SUPPLEMENT","flyway-profile","test-java","src/test/java/com/tuoman/ai_task_orchestrator/evaluation/VectorStoreBenchmarkReportWriterTest.java","81d93f6653fc8a29e1e67f9dd5d979ffb9df1366715a7f662076f718689f0ab6","4733","109","1-109","COMPLETE","DROP","DROP_TEST_IMPLEMENTATION"
"0df22ddaf02c64bf73a7df12cd5fea6b52632c73","CROSS_REFERENCE","REVIEW_02","entity;repository","test-java","src/test/java/com/tuoman/ai_task_orchestrator/grounding/GroundedContextAssemblerTest.java","f4d82e31ee4b4e393b7ecde08572b6560c24b4fe11278162ddf609c75db302db","3155","74","1-74","COMPLETE","DROP","DROP_TEST_IMPLEMENTATION"
"0df22ddaf02c64bf73a7df12cd5fea6b52632c73","CROSS_REFERENCE","REVIEW_01","common","test-java","src/test/java/com/tuoman/ai_task_orchestrator/hybrid/RrfFusionRankerTest.java","c2ac1485cebe513e0ae754011c30b1c53fd02bcd8f3d340bcd84e69d0864f4b4","2070","51","1-51","COMPLETE","DROP","DROP_TEST_IMPLEMENTATION"
"0df22ddaf02c64bf73a7df12cd5fea6b52632c73","CROSS_REFERENCE","REVIEW_01","common;entity;repository","test-java","src/test/java/com/tuoman/ai_task_orchestrator/hybrid/SimpleLexicalRetrieverTest.java","ddc609ee876359d6e1cc84b15c82d51f71229cf0da1075f6c178239c4dd22e10","3963","97","1-97","COMPLETE","DROP","DROP_TEST_IMPLEMENTATION"
"0df22ddaf02c64bf73a7df12cd5fea6b52632c73","CROSS_REFERENCE","REVIEW_02","entity","test-java","src/test/java/com/tuoman/ai_task_orchestrator/kbhealth/RagHealthGenerationMetricsCalculatorTest.java","00ae4c99b1db49bf7c4edb2cc40f8fc23e1ab3b3e8efc4859a16eda56643a096","3218","85","1-85","COMPLETE","DROP","DROP_TEST_IMPLEMENTATION"
"0df22ddaf02c64bf73a7df12cd5fea6b52632c73","CROSS_REFERENCE","REVIEW_02","entity","test-java","src/test/java/com/tuoman/ai_task_orchestrator/kbhealth/RagHealthRetrievalMetricsCalculatorTest.java","442a3250a66e7c8e9b5f1c95c8f607ce03dc2349082f293682a37effdbfe96ed","3486","77","1-77","COMPLETE","DROP","DROP_TEST_IMPLEMENTATION"
"0df22ddaf02c64bf73a7df12cd5fea6b52632c73","CROSS_REFERENCE","REVIEW_01","config;entity;repository","test-java","src/test/java/com/tuoman/ai_task_orchestrator/kbhealth/RetrievalStrategyRunnerTest.java","a5356ecc180359c61d8312cd74abda3bff7c11d7f1220c45a47a6c16f81c6277","5854","129","1-129","COMPLETE","DROP","DROP_TEST_IMPLEMENTATION"
"0df22ddaf02c64bf73a7df12cd5fea6b52632c73","CROSS_REFERENCE","REVIEW_04_SUPPLEMENT","flyway-profile","test-java","src/test/java/com/tuoman/ai_task_orchestrator/lifecycle/FrontendProductizationRegressionTest.java","007a6f5f42f5938c27fc9694bf65153ea3a9f00aebf89c30436949c3277efc82","6124","136","1-136","COMPLETE","DROP","DROP_TEST_IMPLEMENTATION"
"0df22ddaf02c64bf73a7df12cd5fea6b52632c73","CROSS_REFERENCE","REVIEW_04_SUPPLEMENT","flyway-profile","test-java","src/test/java/com/tuoman/ai_task_orchestrator/lifecycle/KnowledgeBaseAgentTaskRegressionTest.java","c308866d248c76d4a951c3b0ff9ba3c05d31c6689cc5d0b56473dbb194208faf","5044","123","1-123","COMPLETE","DROP","DROP_TEST_IMPLEMENTATION"
"0df22ddaf02c64bf73a7df12cd5fea6b52632c73","CROSS_REFERENCE","REVIEW_04_SUPPLEMENT","flyway-profile","test-java","src/test/java/com/tuoman/ai_task_orchestrator/lifecycle/KnowledgeBaseLifecycleRegressionTest.java","510b932c1dbfc42231df2028035dadad6c8c1aeccf0594341a93743dc4abd454","4809","109","1-109","COMPLETE","DROP","DROP_TEST_IMPLEMENTATION"
"0df22ddaf02c64bf73a7df12cd5fea6b52632c73","CROSS_REFERENCE","REVIEW_04_SUPPLEMENT","flyway-profile","test-java","src/test/java/com/tuoman/ai_task_orchestrator/lifecycle/KnowledgeBaseScopedRetrievalRegressionTest.java","98634ea8d8820c26cbbf50daa6472e5c5c0da2ccd827ca6d4254f22ea0c29f71","4285","106","1-106","COMPLETE","DROP","DROP_TEST_IMPLEMENTATION"
"0df22ddaf02c64bf73a7df12cd5fea6b52632c73","CROSS_REFERENCE","REVIEW_04_SUPPLEMENT","flyway-profile","test-java","src/test/java/com/tuoman/ai_task_orchestrator/lifecycle/V10ModelProviderRegressionTest.java","83fde78465b5bc0b0ca99f85965ef6921b678894f7a17ba8d32c552f287de743","2761","66","1-66","COMPLETE","DROP","DROP_TEST_IMPLEMENTATION"
"0df22ddaf02c64bf73a7df12cd5fea6b52632c73","CROSS_REFERENCE","REVIEW_04_SUPPLEMENT","flyway-profile","test-java","src/test/java/com/tuoman/ai_task_orchestrator/lifecycle/V11RagQualityRegressionTest.java","82c06c8410f174ad5d51a79f388a32b45f842e86d727b652ad091699217bc7d9","2788","67","1-67","COMPLETE","DROP","DROP_TEST_IMPLEMENTATION"
"0df22ddaf02c64bf73a7df12cd5fea6b52632c73","CROSS_REFERENCE","REVIEW_04_SUPPLEMENT","flyway-profile","test-java","src/test/java/com/tuoman/ai_task_orchestrator/lifecycle/V12TrashRegressionTest.java","9b52982f387254e2697b8e99921aa2b0bfe886a6ed5d506781bcdae0d6092577","2926","72","1-72","COMPLETE","DROP","DROP_TEST_IMPLEMENTATION"
"0df22ddaf02c64bf73a7df12cd5fea6b52632c73","CROSS_REFERENCE","REVIEW_04_SUPPLEMENT","flyway-profile","test-java","src/test/java/com/tuoman/ai_task_orchestrator/lifecycle/V13BatchIngestionDocumentationTest.java","093eea0b2c7409541b07286552baa68d9a9fe8ebec09e1b51f8c49780a4f320f","2929","73","1-73","COMPLETE","DROP","DROP_TEST_IMPLEMENTATION"
"0df22ddaf02c64bf73a7df12cd5fea6b52632c73","CROSS_REFERENCE","REVIEW_04_SUPPLEMENT","flyway-profile","test-java","src/test/java/com/tuoman/ai_task_orchestrator/lifecycle/V9PersonalWorkspaceRegressionTest.java","f6250c382edc06d9b35fa2c4a958cec1a5566c5b170322bfe5a37b5536de977d","4968","125","1-125","COMPLETE","DROP","DROP_TEST_IMPLEMENTATION"
"0df22ddaf02c64bf73a7df12cd5fea6b52632c73","CROSS_REFERENCE","REVIEW_04_SUPPLEMENT","flyway-profile","test-java","src/test/java/com/tuoman/ai_task_orchestrator/llm/LlmProviderConfigurationTest.java","9a1b8d21d8e57e75595f9b6fdc28648bb51cdf1ccc248f97dd7e0832247b2463","1271","38","1-38","COMPLETE","DROP","DROP_TEST_IMPLEMENTATION"
"0df22ddaf02c64bf73a7df12cd5fea6b52632c73","CROSS_REFERENCE","REVIEW_01","common;flyway-profile","test-java","src/test/java/com/tuoman/ai_task_orchestrator/llm/LocalAiProfilePropertiesTest.java","6d19c768dfc415c802ad6101c85f10adf14e27f57908092123b2ad20f21c6bd2","5357","107","1-107","COMPLETE","DROP","DROP_TEST_IMPLEMENTATION"
"0df22ddaf02c64bf73a7df12cd5fea6b52632c73","CROSS_REFERENCE","REVIEW_01","common","test-java","src/test/java/com/tuoman/ai_task_orchestrator/llm/LocalPythonLlmProviderTest.java","7e776dfdf4cf36aa17911297ad349e9ecdc4f6904b8ea380bb2511bd5d0032fd","3302","84","1-84","COMPLETE","DROP","DROP_TEST_IMPLEMENTATION"
"0df22ddaf02c64bf73a7df12cd5fea6b52632c73","CROSS_REFERENCE","REVIEW_04_SUPPLEMENT","flyway-profile","test-java","src/test/java/com/tuoman/ai_task_orchestrator/memory/MemoryContextAssemblerTest.java","c66e32f06b13341f6813f7e9339f26da4863d625c8e23cf2b4b898a39a1f7a2f","3160","75","1-75","COMPLETE","DROP","DROP_TEST_IMPLEMENTATION"
"0df22ddaf02c64bf73a7df12cd5fea6b52632c73","CROSS_REFERENCE","REVIEW_04_SUPPLEMENT","flyway-profile","test-java","src/test/java/com/tuoman/ai_task_orchestrator/queryunderstanding/QueryUnderstandingServiceTest.java","7d4a2b2fa3afddfd5468ea2f8b6f7f806a13258b5405a0731ed59b60ab988abc","1342","32","1-32","COMPLETE","DROP","DROP_TEST_IMPLEMENTATION"
"0df22ddaf02c64bf73a7df12cd5fea6b52632c73","CROSS_REFERENCE","REVIEW_01","config","test-java","src/test/java/com/tuoman/ai_task_orchestrator/queryunderstanding/RetrievalRoutingPolicyServiceTest.java","179459ad44b45aa80308731153f2e4ed04520760a5f47ca69329ae908aff5349","2255","57","1-57","COMPLETE","DROP","DROP_TEST_IMPLEMENTATION"
"0df22ddaf02c64bf73a7df12cd5fea6b52632c73","CROSS_REFERENCE","REVIEW_02","entity","test-java","src/test/java/com/tuoman/ai_task_orchestrator/queryunderstanding/V14QueryUnderstandingEvaluationTest.java","ea5f84b91c29c2cb86fa2d6ed253fbd79ff2e9355827dc510f9c15fb91268c30","2483","56","1-56","COMPLETE","DROP","DROP_TEST_IMPLEMENTATION"
"0df22ddaf02c64bf73a7df12cd5fea6b52632c73","CROSS_REFERENCE","REVIEW_01","common","test-java","src/test/java/com/tuoman/ai_task_orchestrator/rerank/RagTwoStageRetrievalServiceTest.java","04f42a1a7634c0bf6efa028e06957fcb8417127a8cdaabe10fa09c687259716d","17864","389","1-389","COMPLETE","DROP","DROP_TEST_IMPLEMENTATION"
"0df22ddaf02c64bf73a7df12cd5fea6b52632c73","CROSS_REFERENCE","REVIEW_02","entity;repository","test-java","src/test/java/com/tuoman/ai_task_orchestrator/rerank/SimpleHeuristicRerankerTest.java","538c9f0cbd2af1867b74c8c305eef042de265c73be352433ac795c3ba0f31155","1571","45","1-45","COMPLETE","DROP","DROP_TEST_IMPLEMENTATION"
"0df22ddaf02c64bf73a7df12cd5fea6b52632c73","CROSS_REFERENCE","REVIEW_01","config;entity;repository","test-java","src/test/java/com/tuoman/ai_task_orchestrator/retrieval/ContextExpansionServiceTest.java","ad6c34fbb3b91ed53d4caeb1082676ba3d85ddef106c40e74e5cfa56ad191087","3109","76","1-76","COMPLETE","DROP","DROP_TEST_IMPLEMENTATION"
"0df22ddaf02c64bf73a7df12cd5fea6b52632c73","CROSS_REFERENCE","REVIEW_01","config;entity;repository","test-java","src/test/java/com/tuoman/ai_task_orchestrator/retrieval/HybridRetrievalServiceTest.java","cc2346fe4d9a153e81cad6318d8df7b46a46b3790279e8a732b7b730f1596204","4705","111","1-111","COMPLETE","DROP","DROP_TEST_IMPLEMENTATION"
"0df22ddaf02c64bf73a7df12cd5fea6b52632c73","CROSS_REFERENCE","REVIEW_02","entity;repository","test-java","src/test/java/com/tuoman/ai_task_orchestrator/retrieval/KeywordRetrieverTest.java","8e11a7446305d897e9103acc1b46804dc5fab52aa36f4e02acd051f459aa82ce","2275","57","1-57","COMPLETE","DROP","DROP_TEST_IMPLEMENTATION"
"0df22ddaf02c64bf73a7df12cd5fea6b52632c73","CROSS_REFERENCE","REVIEW_02","entity;repository","test-java","src/test/java/com/tuoman/ai_task_orchestrator/retrieval/RetrievalFilterServiceTest.java","14f7286066a111e0a966b0a4618fd71a1049b7d651308c4ccb257fdcd4a1debc","3391","86","1-86","COMPLETE","DROP","DROP_TEST_IMPLEMENTATION"
"0df22ddaf02c64bf73a7df12cd5fea6b52632c73","CROSS_REFERENCE","REVIEW_02","flyway-profile;repository","test-java","src/test/java/com/tuoman/ai_task_orchestrator/service/AgentMemoryIsolationTest.java","205f2bfe5eeb59578e93ad4be1238c99143a2fc1e1170420b1c9a83b4b4cb9e1","4864","105","1-105","COMPLETE","DROP","DROP_TEST_IMPLEMENTATION"
"0df22ddaf02c64bf73a7df12cd5fea6b52632c73","CROSS_REFERENCE","REVIEW_04_SUPPLEMENT","flyway-profile","test-java","src/test/java/com/tuoman/ai_task_orchestrator/service/AgentProfileServiceTest.java","08dc8385ab2e433fe7cb8f050a06cd93502372a359cbfdcc5e6275904b276d7a","788","24","1-24","COMPLETE","DROP","DROP_TEST_IMPLEMENTATION"
"0df22ddaf02c64bf73a7df12cd5fea6b52632c73","CROSS_REFERENCE","REVIEW_01","common;entity;repository","test-java","src/test/java/com/tuoman/ai_task_orchestrator/service/AgentTaskExecutorTest.java","7efa28cb30cfa729c61b0245e83d236f4eb1f15945d8243295d55b82c4db6161","3577","92","1-92","COMPLETE","DROP","DROP_TEST_IMPLEMENTATION"
"0df22ddaf02c64bf73a7df12cd5fea6b52632c73","CROSS_REFERENCE","REVIEW_02","entity;mq;repository","test-java","src/test/java/com/tuoman/ai_task_orchestrator/service/AgentTaskMemoryIntegrationTest.java","d8ec69f94027f11af004c905b579b9bbec715e7565d163477b4ba12551b0766d","3829","89","1-89","COMPLETE","DROP","DROP_TEST_IMPLEMENTATION"
"0df22ddaf02c64bf73a7df12cd5fea6b52632c73","CROSS_REFERENCE","REVIEW_02","entity;mq;repository","test-java","src/test/java/com/tuoman/ai_task_orchestrator/service/AgentTaskServiceTest.java","52940d8d642858f8161bb39a0f51a05f084ca457e6064868e84b86e3aa2134b2","4043","99","1-99","COMPLETE","DROP","DROP_TEST_IMPLEMENTATION"
"0df22ddaf02c64bf73a7df12cd5fea6b52632c73","CROSS_REFERENCE","REVIEW_02","entity;repository","test-java","src/test/java/com/tuoman/ai_task_orchestrator/service/AgentTaskStepServiceTest.java","e1e2379dc056806ba456742b3637bd622f59901678990546c2860118cb9dafee","2966","68","1-68","COMPLETE","DROP","DROP_TEST_IMPLEMENTATION"
"0df22ddaf02c64bf73a7df12cd5fea6b52632c73","CROSS_REFERENCE","REVIEW_01","common;entity;repository","test-java","src/test/java/com/tuoman/ai_task_orchestrator/service/AgentTaskWorkflowServiceTest.java","4e8eed30dd27a63855960e19f51d0b794ca6852f2b7465006e559179842ec04e","10204","218","1-218","COMPLETE","DROP","DROP_TEST_IMPLEMENTATION"
"0df22ddaf02c64bf73a7df12cd5fea6b52632c73","CROSS_REFERENCE","REVIEW_02","entity;flyway-profile;mq;repository","test-java","src/test/java/com/tuoman/ai_task_orchestrator/service/BatchIngestionIntegrationTest.java","d6a5ccff3737fc3e41cb2a65c76cc02a2c951671dee6dcabb1d5e711c34eff4d","2936","66","1-66","COMPLETE","DROP","DROP_TEST_IMPLEMENTATION"
"0df22ddaf02c64bf73a7df12cd5fea6b52632c73","CROSS_REFERENCE","REVIEW_02","entity;repository","test-java","src/test/java/com/tuoman/ai_task_orchestrator/service/ChunkMetadataServiceTest.java","c15e48e28d36886fbc6b9ebb5a872a37a00d4c299a3763fdbe9a02d5af68db07","2472","59","1-59","COMPLETE","DROP","DROP_TEST_IMPLEMENTATION"
"0df22ddaf02c64bf73a7df12cd5fea6b52632c73","CROSS_REFERENCE","REVIEW_01","common;entity;repository","test-java","src/test/java/com/tuoman/ai_task_orchestrator/service/CollectionServiceTest.java","63d4bdbdeaf93d4dc108e7ef82560ca9142dff047833c5b2d831c33b76e51964","9603","207","1-207","COMPLETE","DROP","DROP_TEST_IMPLEMENTATION"
"0df22ddaf02c64bf73a7df12cd5fea6b52632c73","CROSS_REFERENCE","REVIEW_02","entity;flyway-profile;repository","test-java","src/test/java/com/tuoman/ai_task_orchestrator/service/DocumentEmbeddingServiceCacheIntegrationTest.java","298e3a65b7bce7111b5dcf9dc241ad28cc6828e278f4c94efed4924f31e60aae","7442","164","1-164","COMPLETE","DROP","DROP_TEST_IMPLEMENTATION"
"0df22ddaf02c64bf73a7df12cd5fea6b52632c73","CROSS_REFERENCE","REVIEW_02","entity;flyway-profile;repository","test-java","src/test/java/com/tuoman/ai_task_orchestrator/service/DocumentEmbeddingServiceProviderTest.java","4e767c722d955f3da29f7d2ace2f3b21fc785e24d682d8b85005d2c6a98ae10b","3909","89","1-89","COMPLETE","DROP","DROP_TEST_IMPLEMENTATION"
"0df22ddaf02c64bf73a7df12cd5fea6b52632c73","CROSS_REFERENCE","REVIEW_01","common;entity;repository","test-java","src/test/java/com/tuoman/ai_task_orchestrator/service/DocumentIngestionEventServiceTest.java","1bf90fdc48b77ec790040c9d18970d0833c9831e1cc145f3b700b86df9031cf5","4114","93","1-93","COMPLETE","DROP","DROP_TEST_IMPLEMENTATION"
"0df22ddaf02c64bf73a7df12cd5fea6b52632c73","CROSS_REFERENCE","REVIEW_02","entity;mq;repository","test-java","src/test/java/com/tuoman/ai_task_orchestrator/service/DocumentIngestionServiceTest.java","2340a08964ff7404ac4ad4a6efbb6762bfabdebe396b28fdef2d3d346ee2b9b5","5879","125","1-125","COMPLETE","DROP","DROP_TEST_IMPLEMENTATION"
"0df22ddaf02c64bf73a7df12cd5fea6b52632c73","CROSS_REFERENCE","REVIEW_01","common;entity;repository","test-java","src/test/java/com/tuoman/ai_task_orchestrator/service/DocumentIngestionTaskHandlerTest.java","931ef1bf087f109fe7de0b7b87f001cd5adcf8def1f6e97ae210c297d46a5d42","9634","223","1-223","COMPLETE","DROP","DROP_TEST_IMPLEMENTATION"
"0df22ddaf02c64bf73a7df12cd5fea6b52632c73","CROSS_REFERENCE","REVIEW_01","common;entity;mq;repository","test-java","src/test/java/com/tuoman/ai_task_orchestrator/service/DocumentIngestionTaskServiceTest.java","4652019db989335c5ab25e5314595fecc252ddc5b8a2ae40207736ef76016f1b","6730","153","1-153","COMPLETE","DROP","DROP_TEST_IMPLEMENTATION"
"0df22ddaf02c64bf73a7df12cd5fea6b52632c73","CROSS_REFERENCE","REVIEW_02","repository","test-java","src/test/java/com/tuoman/ai_task_orchestrator/service/DocumentLifecycleFilterServiceTest.java","84f1c7afce8af7ef6e59f79a66630a9ba76df8eac44bc229a50f740a3e90ec18","3019","95","1-95","COMPLETE","DROP","DROP_TEST_IMPLEMENTATION"
"0df22ddaf02c64bf73a7df12cd5fea6b52632c73","CROSS_REFERENCE","REVIEW_01","common;entity;mq;repository","test-java","src/test/java/com/tuoman/ai_task_orchestrator/service/DocumentReindexServiceTest.java","2634dfb4f870b91c2fb8f7cef7a50a1808da2f482c7ab5e635f349fb6ecf9904","6602","149","1-149","COMPLETE","DROP","DROP_TEST_IMPLEMENTATION"
"0df22ddaf02c64bf73a7df12cd5fea6b52632c73","CROSS_REFERENCE","REVIEW_02","entity","test-java","src/test/java/com/tuoman/ai_task_orchestrator/service/DocumentServiceSoftDeleteTest.java","c14a2faf9a839325ab99acc5dbfbd6ebbe32b1aa40ff839f15e061276940ce99","2634","78","1-78","COMPLETE","DROP","DROP_TEST_IMPLEMENTATION"
"0df22ddaf02c64bf73a7df12cd5fea6b52632c73","CROSS_REFERENCE","REVIEW_01","common;config;entity;repository;storage","test-java","src/test/java/com/tuoman/ai_task_orchestrator/service/DocumentTrashServiceTest.java","b0cfbeb4783cbb5e34c6c5159e3266d1c14165c6c9ba13e5e0a13fcaf9a7d265","6965","175","1-175","COMPLETE","DROP","DROP_TEST_IMPLEMENTATION"
"0df22ddaf02c64bf73a7df12cd5fea6b52632c73","CROSS_REFERENCE","REVIEW_01","common;entity;repository","test-java","src/test/java/com/tuoman/ai_task_orchestrator/service/IngestionAnalyticsServiceTest.java","ea671376a0e9c1d8e960a3d1e8686dcd78af0ec17cf147fe4978d7b37a25d4f1","8876","193","1-193","COMPLETE","DROP","DROP_TEST_IMPLEMENTATION"
"0df22ddaf02c64bf73a7df12cd5fea6b52632c73","CROSS_REFERENCE","REVIEW_02","entity;repository","test-java","src/test/java/com/tuoman/ai_task_orchestrator/service/kbhealth/RagEvaluationDatasetServiceTest.java","cc3aa34f9c959db8a6f6c522704a9abdd81878993ae6ccf5aaad15c35be265b6","4706","114","1-114","COMPLETE","DROP","DROP_TEST_IMPLEMENTATION"
"0df22ddaf02c64bf73a7df12cd5fea6b52632c73","CROSS_REFERENCE","REVIEW_04_SUPPLEMENT","flyway-profile","test-java","src/test/java/com/tuoman/ai_task_orchestrator/service/MemoryDiagnosticsServiceTest.java","37a90f51e7ddb04a1cbd75b2436415e42c4d50a97ed3a3eacef116df6eb2bba0","2729","66","1-66","COMPLETE","DROP","DROP_TEST_IMPLEMENTATION"
"0df22ddaf02c64bf73a7df12cd5fea6b52632c73","CROSS_REFERENCE","REVIEW_04_SUPPLEMENT","flyway-profile","test-java","src/test/java/com/tuoman/ai_task_orchestrator/service/MemoryScopeTest.java","4d1659bd5955126efc8b86f3e81a43b2d991faad6b5bc0e1699b1c1d8f77bf5c","2211","54","1-54","COMPLETE","DROP","DROP_TEST_IMPLEMENTATION"
"0df22ddaf02c64bf73a7df12cd5fea6b52632c73","CROSS_REFERENCE","REVIEW_04_SUPPLEMENT","flyway-profile","test-java","src/test/java/com/tuoman/ai_task_orchestrator/service/MemoryServiceTest.java","d2a529f30b3d149e11020db80178849e99bdd4f119c688e53e1bac593e5654a6","7381","179","1-179","COMPLETE","DROP","DROP_TEST_IMPLEMENTATION"
"0df22ddaf02c64bf73a7df12cd5fea6b52632c73","CROSS_REFERENCE","REVIEW_04_SUPPLEMENT","flyway-profile","test-java","src/test/java/com/tuoman/ai_task_orchestrator/service/MemoryTypeTest.java","05e2b1d7921cef8fb00bd7c5904b6fbe2072c0a480ba610c4dfeba3df6301b4c","1970","46","1-46","COMPLETE","DROP","DROP_TEST_IMPLEMENTATION"
"0df22ddaf02c64bf73a7df12cd5fea6b52632c73","CROSS_REFERENCE","REVIEW_02","flyway-profile;repository","test-java","src/test/java/com/tuoman/ai_task_orchestrator/service/ModelProviderConfigServiceTest.java","ac6159f79202c78ec10cd2515b56e7237554b1085e9609d1dabf80f890498f9f","6286","173","1-173","COMPLETE","DROP","DROP_TEST_IMPLEMENTATION"
"0df22ddaf02c64bf73a7df12cd5fea6b52632c73","CROSS_REFERENCE","REVIEW_04_SUPPLEMENT","flyway-profile","test-java","src/test/java/com/tuoman/ai_task_orchestrator/service/ModelProviderSelectionServiceTest.java","0f67270560d9c410a168cea0a9b049281a5a3c358057248b1ab61246f5ba43a2","1401","35","1-35","COMPLETE","DROP","DROP_TEST_IMPLEMENTATION"
"0df22ddaf02c64bf73a7df12cd5fea6b52632c73","CROSS_REFERENCE","REVIEW_02","entity;flyway-profile;repository","test-java","src/test/java/com/tuoman/ai_task_orchestrator/service/NotificationServiceTest.java","4e0ab6c98d2645681e3dd47e7ba4b8b490e8f8fa118b48854911ef87110a6a58","3659","87","1-87","COMPLETE","DROP","DROP_TEST_IMPLEMENTATION"
"0df22ddaf02c64bf73a7df12cd5fea6b52632c73","CROSS_REFERENCE","REVIEW_02","entity;flyway-profile;repository","test-java","src/test/java/com/tuoman/ai_task_orchestrator/service/RagAllDocumentsAskRetrievalIntegrationTest.java","47f22d35f650b3d8ed5f300c7f4fd332b4c6cd5260ea141e89d6f8a9d77c1675","2807","67","1-67","COMPLETE","DROP","DROP_TEST_IMPLEMENTATION"
"0df22ddaf02c64bf73a7df12cd5fea6b52632c73","CROSS_REFERENCE","REVIEW_01","common;config;repository","test-java","src/test/java/com/tuoman/ai_task_orchestrator/service/RagAnswerServiceTest.java","1560e3da50f17dd620263f10e128d20333fd7fbed08f6cadc7a8bb6eb0bc35b6","31064","669","1-669","COMPLETE","DROP","DROP_TEST_IMPLEMENTATION"
"0df22ddaf02c64bf73a7df12cd5fea6b52632c73","CROSS_REFERENCE","REVIEW_01","config;entity;repository","test-java","src/test/java/com/tuoman/ai_task_orchestrator/service/ReindexServiceTest.java","b3cb63dc672940f25aa7267ddd919ec08e83b493eaaefbe3b65c50d835987ce0","2251","62","1-62","COMPLETE","DROP","DROP_TEST_IMPLEMENTATION"
"0df22ddaf02c64bf73a7df12cd5fea6b52632c73","CROSS_REFERENCE","REVIEW_01","common","test-java","src/test/java/com/tuoman/ai_task_orchestrator/service/RetrievalEvaluationServiceTest.java","6f8567382c8eecd1f691a6b8445182cfed804778afff44ef9f495030c328de1a","11638","259","1-259","COMPLETE","DROP","DROP_TEST_IMPLEMENTATION"
"0df22ddaf02c64bf73a7df12cd5fea6b52632c73","CROSS_REFERENCE","REVIEW_02","entity;flyway-profile;repository","test-java","src/test/java/com/tuoman/ai_task_orchestrator/service/RetrievalFilterRegressionTest.java","834b34f9001ec9ce646a8b3a6fba80e9a2173c67415d6c9b72761f5cef951074","3935","96","1-96","COMPLETE","DROP","DROP_TEST_IMPLEMENTATION"
"0df22ddaf02c64bf73a7df12cd5fea6b52632c73","CROSS_REFERENCE","REVIEW_02","entity;flyway-profile;repository","test-java","src/test/java/com/tuoman/ai_task_orchestrator/service/TaskAtomicClaimConcurrencyTest.java","d1c175d374ed17b1218b6f0fad14fec6e3628e2168144bd562407fdfe94889ea","2712","71","1-71","COMPLETE","DROP","DROP_TEST_IMPLEMENTATION"
"0df22ddaf02c64bf73a7df12cd5fea6b52632c73","CROSS_REFERENCE","REVIEW_01","common;entity;flyway-profile;repository","test-java","src/test/java/com/tuoman/ai_task_orchestrator/service/TaskAttemptServiceTest.java","4a04bdb98e8225ba49eeefbbc8199b4db2d94d65df1029f3ba67b7882dcaac3e","8963","213","1-213","COMPLETE","DROP","DROP_TEST_IMPLEMENTATION"
"0df22ddaf02c64bf73a7df12cd5fea6b52632c73","CROSS_REFERENCE","REVIEW_02","entity;flyway-profile;repository","test-java","src/test/java/com/tuoman/ai_task_orchestrator/service/TaskExecutionFinalizationIntegrationTest.java","757ee31ce00da7ac77ade1fe3d24df0d984b86426a544329d096e8c4f8fb2b51","4022","105","1-105","COMPLETE","DROP","DROP_TEST_IMPLEMENTATION"
"0df22ddaf02c64bf73a7df12cd5fea6b52632c73","CROSS_REFERENCE","REVIEW_02","entity;repository","test-java","src/test/java/com/tuoman/ai_task_orchestrator/service/TaskExecutionServiceTest.java","08bfbdb1aba5fdc52a92b578f89fda7d81972809e25852581f568dcc22abeb45","8490","208","1-208","COMPLETE","DROP","DROP_TEST_IMPLEMENTATION"
"0df22ddaf02c64bf73a7df12cd5fea6b52632c73","CROSS_REFERENCE","REVIEW_02","entity;mq;repository","test-java","src/test/java/com/tuoman/ai_task_orchestrator/service/TaskOutboxDispatchServiceTest.java","c66dd522b72f2892ae8f1e0f31388ebd2327656b1c29931c67ae83a8996378db","5818","144","1-144","COMPLETE","DROP","DROP_TEST_IMPLEMENTATION"
"0df22ddaf02c64bf73a7df12cd5fea6b52632c73","CROSS_REFERENCE","REVIEW_01","entity;mq;repository;state","test-java","src/test/java/com/tuoman/ai_task_orchestrator/service/TaskServiceCreateTaskTest.java","0dfa4c3898dcfc886b945fad30fc3c820e37f4ca7a239734facd73188d62d3bf","3214","85","1-85","COMPLETE","DROP","DROP_TEST_IMPLEMENTATION"
"0df22ddaf02c64bf73a7df12cd5fea6b52632c73","CROSS_REFERENCE","REVIEW_02","entity;flyway-profile;repository","test-java","src/test/java/com/tuoman/ai_task_orchestrator/service/TaskServiceFinalizationTest.java","9fbd0a5cbdb55e3a871acf8786956db0e1891bc8883e5b7d36d9974e92761d04","4953","139","1-139","COMPLETE","DROP","DROP_TEST_IMPLEMENTATION"
"0df22ddaf02c64bf73a7df12cd5fea6b52632c73","CROSS_REFERENCE","REVIEW_02","entity;repository","test-java","src/test/java/com/tuoman/ai_task_orchestrator/service/TrashCleanupServiceTest.java","40dfe97a77449b65e8218f19758241c2ddd0d160ba2cbe8cdbcc5d4751b4e9b7","4009","105","1-105","COMPLETE","DROP","DROP_TEST_IMPLEMENTATION"
"0df22ddaf02c64bf73a7df12cd5fea6b52632c73","CROSS_REFERENCE","REVIEW_02","entity;flyway-profile;repository","test-java","src/test/java/com/tuoman/ai_task_orchestrator/service/UploadBatchServiceTest.java","9b7f1da2549faf55b0e96e43a6dd5bd660d067c47bfe974cb74e2672fc86baea","5007","116","1-116","COMPLETE","DROP","DROP_TEST_IMPLEMENTATION"
"0df22ddaf02c64bf73a7df12cd5fea6b52632c73","CROSS_REFERENCE","REVIEW_04_SUPPLEMENT","flyway-profile","test-java","src/test/java/com/tuoman/ai_task_orchestrator/staticresource/ProductMvpStaticResourceTest.java","607327d2c5727507eb3e9b05294c543ef390c8e3526ba5c8fbe48e4129e53083","7679","191","1-191","COMPLETE","DROP","DROP_TEST_IMPLEMENTATION"
"0df22ddaf02c64bf73a7df12cd5fea6b52632c73","CROSS_REFERENCE","REVIEW_04_SUPPLEMENT","flyway-profile","test-java","src/test/java/com/tuoman/ai_task_orchestrator/staticresource/V19MemoryUiDocumentationTest.java","1eff618a4358f14e1287a017ba949590b210740a285b071714193bff1e90df11","1512","42","1-42","COMPLETE","DROP","DROP_TEST_IMPLEMENTATION"
"0df22ddaf02c64bf73a7df12cd5fea6b52632c73","CROSS_REFERENCE","REVIEW_02","entity;repository","test-java","src/test/java/com/tuoman/ai_task_orchestrator/vectorindex/BatchRetryVectorDedupTest.java","1ca7b18b1c39131eef0446a1eb307a947112181904825a045f365ddc7945d01b","5119","120","1-120","COMPLETE","DROP","DROP_TEST_IMPLEMENTATION"
"0df22ddaf02c64bf73a7df12cd5fea6b52632c73","CROSS_REFERENCE","REVIEW_02","entity;repository","test-java","src/test/java/com/tuoman/ai_task_orchestrator/vectorindex/CollectionPollutionAuditServiceTest.java","997f4d203de89ec01e68387f10db5bf130dc238d368e2bbab1d9b03edc219acc","6368","144","1-144","COMPLETE","DROP","DROP_TEST_IMPLEMENTATION"
"0df22ddaf02c64bf73a7df12cd5fea6b52632c73","CROSS_REFERENCE","REVIEW_01","config;entity;repository;storage","test-java","src/test/java/com/tuoman/ai_task_orchestrator/vectorindex/DocumentLifecycleVectorSyncTest.java","bbfd6ddde17a95ca087cc5884cef589f4b5979c36117df9f44807151d2de836e","6252","159","1-159","COMPLETE","DROP","DROP_TEST_IMPLEMENTATION"
"0df22ddaf02c64bf73a7df12cd5fea6b52632c73","CROSS_REFERENCE","REVIEW_01","common;entity;repository","test-java","src/test/java/com/tuoman/ai_task_orchestrator/vectorindex/IdempotentVectorUpsertServiceTest.java","82a673ddbe75709eadec1efa17ca6bff82e59b34e07d7df271e175fdf1669d34","6206","144","1-144","COMPLETE","DROP","DROP_TEST_IMPLEMENTATION"
"0df22ddaf02c64bf73a7df12cd5fea6b52632c73","CROSS_REFERENCE","REVIEW_02","entity;repository","test-java","src/test/java/com/tuoman/ai_task_orchestrator/vectorindex/VectorCleanupServiceTest.java","a67c96d93f90f7b4ecfac81276cf7a5d5270192e3590c6336f82ba4681dfbae0","6766","174","1-174","COMPLETE","DROP","DROP_TEST_IMPLEMENTATION"
"0df22ddaf02c64bf73a7df12cd5fea6b52632c73","CROSS_REFERENCE","REVIEW_02","entity;repository","test-java","src/test/java/com/tuoman/ai_task_orchestrator/vectorindex/VectorConsistencyAuditServiceTest.java","c231c1d1747832fbc491d7e301a929e9e54d7208f450cfe70aee90c191509a94","10953","260","1-260","COMPLETE","DROP","DROP_TEST_IMPLEMENTATION"
"0df22ddaf02c64bf73a7df12cd5fea6b52632c73","CROSS_REFERENCE","REVIEW_01","common;config;entity;repository","test-java","src/test/java/com/tuoman/ai_task_orchestrator/vectorindex/VectorGenerationServiceTest.java","f74bd37e892019dedfe8313ded476cc7cf3d124bf2046e5023f9fb11fb4bc6bc","6120","133","1-133","COMPLETE","DROP","DROP_TEST_IMPLEMENTATION"
"0df22ddaf02c64bf73a7df12cd5fea6b52632c73","CROSS_REFERENCE","REVIEW_01","common","test-java","src/test/java/com/tuoman/ai_task_orchestrator/vectorindex/VectorIdentityServiceTest.java","fa6520b93fe640ed3d8dca1065b945b046b677dd376da7f47a79e463e320ecc8","6381","161","1-161","COMPLETE","DROP","DROP_TEST_IMPLEMENTATION"
"0df22ddaf02c64bf73a7df12cd5fea6b52632c73","CROSS_REFERENCE","REVIEW_02","entity","test-java","src/test/java/com/tuoman/ai_task_orchestrator/vectorindex/VectorIndexTestFixtures.java","32339652bb1ddfb7900f00a01ab21f1f61bb36aa0c7a07cfaceb5a3efe940939","3829","100","1-100","COMPLETE","DROP","DROP_TEST_IMPLEMENTATION"
"0df22ddaf02c64bf73a7df12cd5fea6b52632c73","CROSS_REFERENCE","REVIEW_01","common;entity","test-java","src/test/java/com/tuoman/ai_task_orchestrator/vectorindex/VectorNamespaceGuardTest.java","51131191cce12edb336d3e7164b830f2381434e08061153839918c0b82c595ea","6460","193","1-193","COMPLETE","DROP","DROP_TEST_IMPLEMENTATION"
"0df22ddaf02c64bf73a7df12cd5fea6b52632c73","CROSS_REFERENCE","REVIEW_01","common;entity","test-java","src/test/java/com/tuoman/ai_task_orchestrator/vectorindex/VectorPayloadBuilderTest.java","72a3390cac6de2bb834d5e5b86f44d178cb32819408f6cb018cf1e913e92cdc2","5063","134","1-134","COMPLETE","DROP","DROP_TEST_IMPLEMENTATION"
"0df22ddaf02c64bf73a7df12cd5fea6b52632c73","CROSS_REFERENCE","REVIEW_02","entity;repository","test-java","src/test/java/com/tuoman/ai_task_orchestrator/vectorstore/ExactCosineVectorStoreTest.java","3dc550f4f63cce77edbf26940da76102b9927fc00a8bf7cb0f64e33427d04ad1","11318","260","1-260","COMPLETE","DROP","DROP_TEST_IMPLEMENTATION"
"0df22ddaf02c64bf73a7df12cd5fea6b52632c73","CROSS_REFERENCE","REVIEW_02","repository","test-java","src/test/java/com/tuoman/ai_task_orchestrator/vectorstore/VectorStoreConfigurationTest.java","5e3b548d4aaebee0b83c60fb856ed5ed27d6981c89fda0d1a5a699d1fccea24e","4514","118","1-118","COMPLETE","DROP","DROP_TEST_IMPLEMENTATION"
