"baseline","partition","path","role","owner","decision","sha256","line_start","line_end","line_count"
"0df22ddaf02c64bf73a7df12cd5fea6b52632c73","legacy-static-ui","src/main/resources/static/agent-profiles.html","legacy-static-ui","agent","DROP","4427a2a9df440f48b0d6172c5a841c6165b60d1bb5624007728f913f1c68def7","1","56","56"
"0df22ddaf02c64bf73a7df12cd5fea6b52632c73","legacy-static-ui","src/main/resources/static/agent-profiles.js","legacy-static-ui","agent","DROP","172b77403c1b890e9ada1587b4521408262ae17df1d633d21e5732c8ead037f8","1","90","90"
"0df22ddaf02c64bf73a7df12cd5fea6b52632c73","legacy-static-ui","src/main/resources/static/agent-tasks.html","legacy-static-ui","agent","DROP","2dff2eed6612e025c0ec574493a9905e58347455847b1267b9f9c2dff1939922","1","101","101"
"0df22ddaf02c64bf73a7df12cd5fea6b52632c73","legacy-static-ui","src/main/resources/static/agent-tasks.js","legacy-static-ui","agent","DROP","65d385200cbd408ca7b6bc4630428a592a2aec68757f58b42ac9e7417174b803","1","534","534"
"0df22ddaf02c64bf73a7df12cd5fea6b52632c73","legacy-static-ui","src/main/resources/static/agent-tools.html","legacy-static-ui","agent","DROP","3cf105b96392b1dc7dd8c58358120e62c003fa5ded35e1b45fbec6a418e70931","1","104","104"
"0df22ddaf02c64bf73a7df12cd5fea6b52632c73","legacy-static-ui","src/main/resources/static/app-nav.js","legacy-static-ui","shared-shell","DROP","f636481fb35749bacf8f817caa311a5c80b14ed3b02ee55c16bbea609c8fc17b","1","204","204"
"0df22ddaf02c64bf73a7df12cd5fea6b52632c73","legacy-static-ui","src/main/resources/static/app-shell.css","legacy-static-ui","shared-shell","DROP","35331282e0ca0c20ffcdec1202641aad1a6e2c4d9129c2a2a1ab8e63b3a5646b","1","9","9"
"0df22ddaf02c64bf73a7df12cd5fea6b52632c73","legacy-static-ui","src/main/resources/static/app.css","legacy-static-ui","shared-shell","DROP","fa9e5fa886b2ae53c56444f6737f6ce4c5aed3c5f4dcb482d7c38853fc2a2246","1","717","717"
"0df22ddaf02c64bf73a7df12cd5fea6b52632c73","legacy-static-ui","src/main/resources/static/ask.css","legacy-static-ui","rag","DROP","b9f7df76dd8308183df64e0187086aa3326997a55bcd3d11c5fa8baaadff8600","1","220","220"
"0df22ddaf02c64bf73a7df12cd5fea6b52632c73","legacy-static-ui","src/main/resources/static/ask.html","legacy-static-ui","rag","DROP","defa1adefa36e0b83cbd0bd93ee7c444a1cffa16e401e28e2a88f76578d56806","1","161","161"
"0df22ddaf02c64bf73a7df12cd5fea6b52632c73","legacy-static-ui","src/main/resources/static/ask.js","legacy-static-ui","rag","DROP","3a7668e6dd9b47d7376417b46fd46b3046a25a23553f0fe4b7ecb9b7c97d6df8","1","636","636"
"0df22ddaf02c64bf73a7df12cd5fea6b52632c73","legacy-static-ui","src/main/resources/static/batch-ingestion.html","legacy-static-ui","batch","DROP","ae94e95c70c787bbfa75a419eb52c5cea89cded25c56a0e9fa0adc797d07d736","1","88","88"
"0df22ddaf02c64bf73a7df12cd5fea6b52632c73","legacy-static-ui","src/main/resources/static/batch-ingestion.js","legacy-static-ui","batch","DROP","4a19ce8ec353981bd65dbb5300efc0e82feb96ecccc06313ed737bdd8a7c444a","1","176","176"
"0df22ddaf02c64bf73a7df12cd5fea6b52632c73","legacy-static-ui","src/main/resources/static/collections.html","legacy-static-ui","documents","DROP","7b05f9da13a97e69315df433b35eadae6a745204ef4934e296ed2600ba3de3f5","1","125","125"
"0df22ddaf02c64bf73a7df12cd5fea6b52632c73","legacy-static-ui","src/main/resources/static/collections.js","legacy-static-ui","documents","DROP","043141290162a88c5612eb4131576d480456e42a018d7a18ff6be1ff69581c08","1","347","347"
"0df22ddaf02c64bf73a7df12cd5fea6b52632c73","legacy-static-ui","src/main/resources/static/documents.html","legacy-static-ui","documents","DROP","967d8b42a4ee759f1230d035fb692a40d2b33f51da44e0d4cba610464714f51d","1","180","180"
"0df22ddaf02c64bf73a7df12cd5fea6b52632c73","legacy-static-ui","src/main/resources/static/documents.js","legacy-static-ui","documents","DROP","1541892093cbb9ebdf06f3e48bbe97208fd129a228c836afe8249af05e6ad5b0","1","962","962"
"0df22ddaf02c64bf73a7df12cd5fea6b52632c73","legacy-static-ui","src/main/resources/static/evaluation.html","legacy-static-ui","evaluation","DROP","4fe08b926fd67b56375c5b4aba5de5d26dec99f14650a8fd9063f6d7fd1d76c0","1","103","103"
"0df22ddaf02c64bf73a7df12cd5fea6b52632c73","legacy-static-ui","src/main/resources/static/guidance.html","legacy-static-ui","shared-shell","DROP","191c8d9a3bfc68aa913d70b849b4ad56e367577c70b9d6beae3cae2273981cba","1","12","12"
"0df22ddaf02c64bf73a7df12cd5fea6b52632c73","legacy-static-ui","src/main/resources/static/guide.html","legacy-static-ui","shared-shell","DROP","c65b94d3c90f31021e155182a2ca1380041774b2da182b42c52be527f3fe5a58","1","111","111"
"0df22ddaf02c64bf73a7df12cd5fea6b52632c73","legacy-static-ui","src/main/resources/static/index.html","legacy-static-ui","shared-shell","DROP","c30690331354c595897c33376a9aaacedf9ef7269abbad60260c867828c66ed4","1","159","159"
"0df22ddaf02c64bf73a7df12cd5fea6b52632c73","legacy-static-ui","src/main/resources/static/index.js","legacy-static-ui","shared-shell","DROP","3da5c63f84fe34f5eeb3992276851cac037bbd9d8389f154a4b069494695ec06","1","106","106"
"0df22ddaf02c64bf73a7df12cd5fea6b52632c73","legacy-static-ui","src/main/resources/static/ingestion-analytics.html","legacy-static-ui","ingestion","DROP","760829930367d2727c4491f05013f385f793855b97c01f402354a4104615ae62","1","123","123"
"0df22ddaf02c64bf73a7df12cd5fea6b52632c73","legacy-static-ui","src/main/resources/static/ingestion-analytics.js","legacy-static-ui","ingestion","DROP","cd7d869be82cc2bad4c8119acbc8de37b03eaa7aefe223d085a666afcc430e60","1","255","255"
"0df22ddaf02c64bf73a7df12cd5fea6b52632c73","legacy-static-ui","src/main/resources/static/knowledge-health.html","legacy-static-ui","evaluation","DROP","e2a3342c928bccc9ab28c8e3875db0b500957dcee78be0c1de04792c44aaafa0","1","130","130"
"0df22ddaf02c64bf73a7df12cd5fea6b52632c73","legacy-static-ui","src/main/resources/static/knowledge-health.js","legacy-static-ui","evaluation","DROP","efd8b9bb44b0a6df884883247f0720538482806910ae4e7daf1060b9f619f138","1","201","201"
"0df22ddaf02c64bf73a7df12cd5fea6b52632c73","legacy-static-ui","src/main/resources/static/memory-center.html","legacy-static-ui","memory","DROP","575489ac5ebe69b5152429045ba385a7fdd4a72fc2aedf24d7af860970c09838","1","109","109"
"0df22ddaf02c64bf73a7df12cd5fea6b52632c73","legacy-static-ui","src/main/resources/static/memory-center.js","legacy-static-ui","memory","DROP","ed9a47389cee978a1e8eaadbfbcd666a6afd44d2a196301a0583d3ebff2da402","1","206","206"
"0df22ddaf02c64bf73a7df12cd5fea6b52632c73","legacy-static-ui","src/main/resources/static/memory.css","legacy-static-ui","shared-shell","DROP","219bbbed6d05388e99dfeff80a6ceb24bc79e038bda8902029588dff9a106020","1","161","161"
"0df22ddaf02c64bf73a7df12cd5fea6b52632c73","legacy-static-ui","src/main/resources/static/mindweaver.css","legacy-static-ui","shared-shell","DROP","0ab1e0f1487640050d39a226286a13ec5ddedf8579005318529c4ed0430d2858","1","1698","1698"
"0df22ddaf02c64bf73a7df12cd5fea6b52632c73","legacy-static-ui","src/main/resources/static/model-settings.html","legacy-static-ui","provider","DROP","77ee9b1dbd09145608dfc3884b4170ab97425b7fcdc77c03fee18e758041ba09","1","150","150"
"0df22ddaf02c64bf73a7df12cd5fea6b52632c73","legacy-static-ui","src/main/resources/static/model-settings.js","legacy-static-ui","provider","DROP","4ddedcbba51bb60c8b3308e49d1c883a5e440c3ba18f8076c8239b5a14c00491","1","532","532"
"0df22ddaf02c64bf73a7df12cd5fea6b52632c73","legacy-static-ui","src/main/resources/static/notifications.html","legacy-static-ui","notification","DROP","64e16ebd31e71bec130858d6811b9d108c386bd853569f6710bf5edb62a4dbb9","1","40","40"
"0df22ddaf02c64bf73a7df12cd5fea6b52632c73","legacy-static-ui","src/main/resources/static/notifications.js","legacy-static-ui","notification","DROP","cdcd38118a6c8be32b3ea4b585768a3d4f031a07efef4381895d901c925d37c1","1","79","79"
"0df22ddaf02c64bf73a7df12cd5fea6b52632c73","legacy-static-ui","src/main/resources/static/quality.html","legacy-static-ui","evaluation","DROP","e215755d82597d782d53aac8377f3b0807f86139a55a5d668f29a4e98d8fcbb9","1","100","100"
"0df22ddaf02c64bf73a7df12cd5fea6b52632c73","legacy-static-ui","src/main/resources/static/rag-demo.css","legacy-static-ui","rag","DROP","5e09d204fc5294962122c605b7839e1ac553be6ddaa73fdd3a35a9915a33913a","1","231","231"
"0df22ddaf02c64bf73a7df12cd5fea6b52632c73","legacy-static-ui","src/main/resources/static/rag-demo.html","legacy-static-ui","rag","DROP","82c8788e9ca9c0839eaf8bce2e679a664b7d597afde4fef288d9b72ab4ec1ade","1","77","77"
"0df22ddaf02c64bf73a7df12cd5fea6b52632c73","legacy-static-ui","src/main/resources/static/rag-demo.js","legacy-static-ui","rag","DROP","5e1d96759e8a6419e0df0a2e5c39e5a4dbbd791c996a83fbb61a3a05e0b3e7a8","1","206","206"
"0df22ddaf02c64bf73a7df12cd5fea6b52632c73","legacy-static-ui","src/main/resources/static/retrieval-settings.html","legacy-static-ui","retrieval","DROP","d03d02e1c7c45e92434643c2178b7a25d4c87e6ea15bb60b8bb7f975a57d26bc","1","69","69"
"0df22ddaf02c64bf73a7df12cd5fea6b52632c73","legacy-static-ui","src/main/resources/static/retrieval-settings.js","legacy-static-ui","retrieval","DROP","9391d3199b1b5d124e55439acbe3a37cf8bbe1487667fe155f5fde238c4f5578","1","69","69"
"0df22ddaf02c64bf73a7df12cd5fea6b52632c73","legacy-static-ui","src/main/resources/static/settings.html","legacy-static-ui","settings","DROP","aa462d8f372ab929e731e7f352869b32f124f52e8810ef19d5106c1d6772fb0e","1","117","117"
"0df22ddaf02c64bf73a7df12cd5fea6b52632c73","legacy-static-ui","src/main/resources/static/settings.js","legacy-static-ui","settings","DROP","cdb230cacbd6c29ecc4884ce8d2cdaf33396b532abf825562f89f82207a21798","1","105","105"
"0df22ddaf02c64bf73a7df12cd5fea6b52632c73","legacy-static-ui","src/main/resources/static/trash.css","legacy-static-ui","documents","DROP","cd91111ef29e6c2766ca484572b34e723b34a3b391154d9d570133c828831070","1","23","23"
"0df22ddaf02c64bf73a7df12cd5fea6b52632c73","legacy-static-ui","src/main/resources/static/trash.html","legacy-static-ui","documents","DROP","8b318a09d0919f6f0ae7625ff9f09d1aadc8a6f69869dca1280a4096a98720f4","1","46","46"
"0df22ddaf02c64bf73a7df12cd5fea6b52632c73","legacy-static-ui","src/main/resources/static/trash.js","legacy-static-ui","documents","DROP","884c18a99d8289fec6addc5a560437c6bb32ab0c8a4d38ab23704d1eddbfa204","1","117","117"
"0df22ddaf02c64bf73a7df12cd5fea6b52632c73","legacy-static-ui","src/main/resources/static/vector-index-health.html","legacy-static-ui","vector-health","DROP","52f845563a21597a17df7c367e91f1a1aa3b8f3ba45d683ca5d9748f295c6008","1","67","67"
"0df22ddaf02c64bf73a7df12cd5fea6b52632c73","legacy-static-ui","src/main/resources/static/vector-index-health.js","legacy-static-ui","vector-health","DROP","f8c8ed51bb88d4f2060422b9714935aeecf98608d5f1823c900999e8a977d666","1","111","111"
