"baseline","ledger_blob","ledger_line","id","area","ledger_status","repository_boundary","external_boundary","decision","first_legal_next_action","evidence"
"1a41c27a76a74e8710587779610a4a7672370fa7","910b4f760d90f427a0cfc6a5084aee6874c3a68b","15","ARC-001","platform","PASS","Tracked-only standalone mechanism is committed and offline-vendor qualified.","Final integrated tree must repeat release CI.","KEEP_RERUN_FINAL","After all production integrations, run both repository layouts from a clean commit.","v2/scripts/verify-standalone.ps1; .github/workflows/go-ci.yml@04ae7d546f5bb66457c76b249ff29eb6bff40011"
"1a41c27a76a74e8710587779610a4a7672370fa7","910b4f760d90f427a0cfc6a5084aee6874c3a68b","16","ARC-002","supply_chain","PASS","Exact two-command and negative legacy surface are automated.","Final production graph and artifact identities must be regenerated.","KEEP_REHASH_FINAL","Regenerate the dual-PE graph only after production settles.","v2/qualification/production/dual_pe_test.go"
"1a41c27a76a74e8710587779610a4a7672370fa7","910b4f760d90f427a0cfc6a5084aee6874c3a68b","17","ARC-003","platform","NOT_IMPLEMENTED","A separate ownership candidate exists but is not accepted at this baseline.","None intrinsic; integration ownership is active elsewhere.","DEFER_ACTIVE_OWNER","Let the ARC owner rebase, review, and run full gates; do not duplicate its matrix.","docs/rewrite/checkpoint-2026-08-27-0621-final.md"
"1a41c27a76a74e8710587779610a4a7672370fa7","910b4f760d90f427a0cfc6a5084aee6874c3a68b","18","RUN-001","platform","PASS","Canonical Vault ownership and two-process reopen are automated.","None beyond final regression.","KEEP","Rerun ordinary final CI only.","v2/internal/vault/vault_test.go; v2/cmd/mindweaver/main_test.go"
"1a41c27a76a74e8710587779610a4a7672370fa7","910b4f760d90f427a0cfc6a5084aee6874c3a68b","19","RUN-002","platform","IMPLEMENTED","Deterministic pre-transaction and post-migration/pre-listener kills cover every historical schema.","Exact COMMIT-in-flight interruption needs a narrowly reviewed SQLite/VFS seam or machine-level fault campaign.","DEFER_DB_OWNER","Do not add a generic hook; let the DB owner decide a narrow seam or retain IMPLEMENTED with external evidence required.","docs/rewrite/evidence/run002-schema-migration-forced-exit-7b75f8f.md@b482eed16d930553847825d575623fe2ac439dab"
"1a41c27a76a74e8710587779610a4a7672370fa7","910b4f760d90f427a0cfc6a5084aee6874c3a68b","20","RUN-003","platform","PASS","Bounded shutdown and real crash recovery are automated.","None beyond final regression.","KEEP","Rerun ordinary final CI only.","docs/rewrite/evidence/run003-shutdown-recovery-4a338dc.md@b0eed06bc05f0f2d7c9b0689ff28163990067839"
"1a41c27a76a74e8710587779610a4a7672370fa7","910b4f760d90f427a0cfc6a5084aee6874c3a68b","21","RUN-004","platform","PASS","Loopback binding and hostile Host/Origin coverage are automated.","None beyond final regression.","KEEP","Rerun ordinary final CI only.","v2/internal/localhttp/server_test.go"
"1a41c27a76a74e8710587779610a4a7672370fa7","910b4f760d90f427a0cfc6a5084aee6874c3a68b","22","CFG-001","platform","PASS","Strict config and unsafe Vault-path rejection are automated.","None beyond final regression.","KEEP","Rerun ordinary final CI only.","v2/platform/config/config_test.go"
"1a41c27a76a74e8710587779610a4a7672370fa7","910b4f760d90f427a0cfc6a5084aee6874c3a68b","23","DB-001","platform","PASS","Every declared Go schema version and checksum is covered through v7.","Incoming DB changes require their own compatibility rerun.","KEEP_RERUN_OWNER","Let the DB owner preserve historical checksums and rerun the matrix.","v2/internal/store/sqlite/migration_compat_test.go"
"1a41c27a76a74e8710587779610a4a7672370fa7","910b4f760d90f427a0cfc6a5084aee6874c3a68b","24","DB-002","platform","IMPLEMENTED","WAL/busy, logical SQLITE_FULL, corruption, FTS divergence, and abrupt process-exit recovery are automated; post-baseline bounded stress also shows numeric BUSY/LOCKED lacks a stable retryable product classification or serialized writer policy.","Physical exhaustion/power loss, randomized kill load, and 24-48h WAL/checkpoint/backup stress require controlled release machines.","BLOCKED_REPOSITORY_AND_EXTERNAL","First accept a minimal retryable BUSY/serialized-writer product policy; then run the frozen stress/fault campaign on declared hardware without equating max_page_count with physical ENOSPC.","docs/rewrite/evidence/sqlite-qualification.md@7d8cc0ad34895e97a34f131de5f837978ddacf43; docs/rewrite/evidence/db002-bounded-wal-stress-7b75f8f.md"
"1a41c27a76a74e8710587779610a4a7672370fa7","910b4f760d90f427a0cfc6a5084aee6874c3a68b","25","BLOB-001","platform","IMPLEMENTED","Publication, replay, deletion, backup exclusion, and deterministic Write/Sync faults are automated.","K01B2/K05/K08, physical ENOSPC, and Linux no-replace certification remain outside current deterministic boundaries.","BLOCKED_EXTERNAL_OR_NARROW_SEAM","Retain IMPLEMENTED until a narrow owner-approved seam or real machine evidence closes each named checkpoint.","docs/rewrite/evidence/blob001-persistence-checkpoint-matrix-b99fb42.md@c7599fa533e0c14cf484c44b51539ab4349cb629"
"1a41c27a76a74e8710587779610a4a7672370fa7","910b4f760d90f427a0cfc6a5084aee6874c3a68b","26","JOB-001","platform","PASS","Concurrent claim and stale-owner fencing are automated.","None beyond final regression.","KEEP","Rerun ordinary final CI only.","v2/internal/store/sqlite/jobs_test.go"
"1a41c27a76a74e8710587779610a4a7672370fa7","910b4f760d90f427a0cfc6a5084aee6874c3a68b","27","JOB-002","platform","PASS","Retry/cancel/terminal/restart behavior is automated.","None beyond final regression.","KEEP","Rerun ordinary final CI only.","v2/internal/store/sqlite/jobs_test.go; ingestion product tests"
"1a41c27a76a74e8710587779610a4a7672370fa7","910b4f760d90f427a0cfc6a5084aee6874c3a68b","29","BKP-001","backup","BLOCKED","Live no-replace Create, startup-only verify/restore, residue recovery, and blob snapshot exclusion are implemented and tested.","Packaged clean-machine restore/reopen, MSI install/upgrade/rollback/uninstall, and release attestation require the real package and machines.","BLOCKED_EXTERNAL_RELEASE","Do not expose restore as live API or add fake Vaults; wait for signed packaged clean-machine rehearsal.","docs/rewrite/evidence/live-backup-create.md@3ee1b9cf6b258596a2e3e31a01c791839d00d094"
"1a41c27a76a74e8710587779610a4a7672370fa7","910b4f760d90f427a0cfc6a5084aee6874c3a68b","30","PUR-001","platform","PASS","DB/FTS/blob purge and failure visibility are automated.","None beyond final regression.","KEEP","Rerun ordinary final CI only.","v2/internal/lifecycle/service_test.go"
"1a41c27a76a74e8710587779610a4a7672370fa7","910b4f760d90f427a0cfc6a5084aee6874c3a68b","54","SEC-002","supply_chain","IMPLEMENTED","Focused stdout/stderr/log redaction and content canaries are automated.","A release-wide scan needs final PE/MSI logs, manifests, SBOM/NOTICE, browser artifacts, and published reports.","DEFER_FINAL_ARTIFACT","Run the bounded channel-aware scan only on the final signed release candidate.","docs/rewrite/evidence/sec002-go-output-audit/review.md@6b457dd173c15d0bcfbbb1ba9bb8d95056336327"
"1a41c27a76a74e8710587779610a4a7672370fa7","910b4f760d90f427a0cfc6a5084aee6874c3a68b","57","REL-001","release","NOT_IMPLEMENTED","Four frozen fuzz targets, production benchmarks, deterministic fault suites, and a bounded short soak exist.","Race qualification, controlled performance baseline, long soak, and release-machine fault bundle are not complete.","BLOCKED_MIXED","After production settles, define one bounded release bundle and run machine-owned race/performance/soak evidence; do not promote the three-second soak.","v2/qualification/reliability/fuzz_contract_test.go@3bc22805807129c0ef7ebb13ffdcfd319d1a109f; v2/qualification/reliability/performance_test.go@8e26d3b3a1f0916bd214ded182eb49dd4afa7cd7; v2/qualification/reliability/short_soak_test.go@d7bd65c6b5184652e709c4b0302224fde7fb2ea8"
"1a41c27a76a74e8710587779610a4a7672370fa7","910b4f760d90f427a0cfc6a5084aee6874c3a68b","58","REL-002","release_supply_chain","NOT_IMPLEMENTED","Canonical vendor versions/sums and nine third-party legal files are fail-closed.","Project LICENSE decision, approved offline WiX/EULA, trusted certificate/private key, signed MSI, Authenticode/ICE, N-1/N-2 artifacts, clean non-admin VMs, final SBOM/NOTICE, and attestations are absent.","BLOCKED_EXTERNAL_AUTHORITY","Release owner supplies approved inputs; tooling must remain fail-closed and must not download tools, accept EULAs, or create signing identity.","v2/qualification/offlinevendor/vendor_test.go@0bd27b1fa3f13485af14f5b9ea24a5e5a052f547; docs/rewrite/adr/0013-lean-windows-delivery.md@cc8ca81706b4e72c1d068a105f13dc2de745b0fb"
"1a41c27a76a74e8710587779610a4a7672370fa7","910b4f760d90f427a0cfc6a5084aee6874c3a68b","59","CUT-001","supply_chain","PASS","Fresh Vault and negative legacy/third-command surface are automated.","Installer-level confirmation remains part of REL-002, not a reason to revive migration.","KEEP_DROP_LEGACY","Keep Java/MySQL migration and third PE absent.","v2/qualification/production/dual_pe_test.go"
"1a41c27a76a74e8710587779610a4a7672370fa7","910b4f760d90f427a0cfc6a5084aee6874c3a68b","60","CUT-002","supply_chain","NOT_IMPLEMENTED","Canonical vendor and dual-layout empty-cache/offline mechanics are integrated.","Final production integrations change source/PE identities and require a fresh clean-clone run before ledger promotion.","DEFER_FINAL_INTEGRATION","After SEC/DB/ARC settle, regenerate identities and run monorepo plus extracted clean-clone gates; do not self-report PASS now.","docs/rewrite/evidence/dual-pe-production-closure.md@291ca7f375a77cf48998a2fc70a004e0571713c4; .github/workflows/go-ci.yml@04ae7d546f5bb66457c76b249ff29eb6bff40011"
